{
"type": "FeatureCollection",
"name": "tfse_lta_boundaries_powerbi",
"crs": { "type": "name", "properties": { "name": "urn:ogc:def:crs:OGC:1.3:CRS84" } },
"features": [
{ "type": "Feature", "properties": { "lta": "Medway", "name": "Medway", "id": "Medway" }, "geometry": { "type": "MultiPolygon", "coordinates": [ [ [ [ 0.553607430709384, 51.484940547248527 ], [ 0.554534198421927, 51.481369759471434 ], [ 0.559925858631282, 51.48469390304718 ], [ 0.574517964472292, 51.484263703324999 ], [ 0.582461771287061, 51.479646148081592 ], [ 0.585753224643144, 51.484438194554045 ], [ 0.610472296570398, 51.47940968181679 ], [ 0.615209392840544, 51.475080712606093 ], [ 0.64227300345383, 51.479064956443189 ], [ 0.659955273090182, 51.47767390096034 ], [ 0.669664842639391, 51.474999665668896 ], [ 0.671299844395927, 51.469092228951951 ], [ 0.674725164135191, 51.468047418637248 ], [ 0.671207513975217, 51.472194460120754 ], [ 0.686010534765034, 51.475092078695511 ], [ 0.703145840970757, 51.471267900210769 ], [ 0.720356715904117, 51.459733609281976 ], [ 0.723216450862672, 51.443493593301071 ], [ 0.710256185331818, 51.43481374686867 ], [ 0.675472721333367, 51.433549181758835 ], [ 0.6766250076856, 51.438786002460304 ], [ 0.668969431753148, 51.443723730042542 ], [ 0.672066140833845, 51.447929613148126 ], [ 0.663485988846044, 51.443622735865617 ], [ 0.662192615158138, 51.447710995276829 ], [ 0.655981914713165, 51.449221641436978 ], [ 0.645083681836946, 51.443382162994574 ], [ 0.635786103549407, 51.446220510942645 ], [ 0.633405915287987, 51.441251943904462 ], [ 0.629536022166521, 51.441698677370162 ], [ 0.633107656421365, 51.444946082275784 ], [ 0.628667187910725, 51.442357583237815 ], [ 0.628873442854525, 51.437680744580703 ], [ 0.619516009740016, 51.436881275388679 ], [ 0.617999151588704, 51.431091746859032 ], [ 0.612420246378323, 51.429641483832683 ], [ 0.610109148553397, 51.422615849877289 ], [ 0.605182386992672, 51.420495121510498 ], [ 0.613563052149361, 51.422894174540019 ], [ 0.61826849356324, 51.428681721143441 ], [ 0.625150769094355, 51.42357940141347 ], [ 0.610837559554124, 51.417403132385736 ], [ 0.576631162751869, 51.415746535841905 ], [ 0.563504792793274, 51.409541183631617 ], [ 0.532356728902125, 51.412653122344992 ], [ 0.522883135947982, 51.399797155018952 ], [ 0.516291255270308, 51.401033408869189 ], [ 0.522957214731851, 51.398009413502663 ], [ 0.518929122078681, 51.386975614862308 ], [ 0.507087954496848, 51.396856282288319 ], [ 0.499600592036724, 51.392929971656727 ], [ 0.491924603825935, 51.391695635162741 ], [ 0.501682112718059, 51.391637816192336 ], [ 0.508614968863024, 51.39433870552336 ], [ 0.510991388660809, 51.385833006433764 ], [ 0.522515586973009, 51.385071816439186 ], [ 0.537145269446237, 51.410305650051349 ], [ 0.548190366734038, 51.407598090328548 ], [ 0.558657503719165, 51.396261945617638 ], [ 0.561902604106714, 51.397912354964149 ], [ 0.560940175454288, 51.394814455883925 ], [ 0.582350861800994, 51.390299078630932 ], [ 0.592641071727149, 51.390310053905353 ], [ 0.594608979222447, 51.386448666377518 ], [ 0.596965952936997, 51.388194263242205 ], [ 0.602115297483478, 51.390634178634414 ], [ 0.597140327983279, 51.387860284868331 ], [ 0.59877871422189, 51.384722064326283 ], [ 0.616268447236036, 51.377926497417107 ], [ 0.621906791334142, 51.382764004976281 ], [ 0.619202475033287, 51.388486956481216 ], [ 0.634610504031713, 51.389088419788891 ], [ 0.634763094787446, 51.385615204408559 ], [ 0.624781780717426, 51.381063631375255 ], [ 0.622502001531211, 51.376029698562306 ], [ 0.625049747098143, 51.375276788302713 ], [ 0.623263664666184, 51.369222304066383 ], [ 0.634879154071713, 51.366369552314261 ], [ 0.610920285311504, 51.336474052835975 ], [ 0.60384963273081, 51.336257398837112 ], [ 0.601374840589689, 51.333301359309544 ], [ 0.563428544670785, 51.338743069494626 ], [ 0.543974924147177, 51.32789651087343 ], [ 0.532857114366051, 51.33715334369878 ], [ 0.525611934496254, 51.334717396193327 ], [ 0.519302360333046, 51.339935611265581 ], [ 0.50581246341935, 51.342942986471925 ], [ 0.503062578348222, 51.354667362477542 ], [ 0.494040694030408, 51.352654641668821 ], [ 0.479628987779357, 51.357443055273073 ], [ 0.456204674081194, 51.368763028236152 ], [ 0.449269048687672, 51.364154339145699 ], [ 0.456647212314299, 51.352149134663264 ], [ 0.448583926783859, 51.347998417036038 ], [ 0.454060870333699, 51.340867954514451 ], [ 0.41856576624702, 51.347912701107354 ], [ 0.406685501337446, 51.347762592491577 ], [ 0.399890796195191, 51.344457556359828 ], [ 0.401254245937174, 51.352955361862598 ], [ 0.419541749074003, 51.375617471667873 ], [ 0.424936841665998, 51.376581488353686 ], [ 0.43108060272703, 51.388033181492823 ], [ 0.447115154066656, 51.388958377622487 ], [ 0.456680483195116, 51.394285569312871 ], [ 0.451824540289017, 51.398320992308669 ], [ 0.467687033786156, 51.398537439172713 ], [ 0.468182408126344, 51.403171244625888 ], [ 0.477587438232043, 51.407186116176362 ], [ 0.475111810293761, 51.412947478584464 ], [ 0.489207120441741, 51.415326245841491 ], [ 0.491167859634384, 51.424775361362222 ], [ 0.486328149094665, 51.436025590123194 ], [ 0.490944498122047, 51.438676777420724 ], [ 0.487931374037514, 51.443284323967013 ], [ 0.475735992138385, 51.44676672261236 ], [ 0.466939045641205, 51.454635253704261 ], [ 0.458535872964768, 51.455020510688058 ], [ 0.454281165407995, 51.463452844203069 ], [ 0.458320299334694, 51.466008645711646 ], [ 0.467588959430407, 51.464201369970311 ], [ 0.457845174125408, 51.466946724955648 ], [ 0.468713931066492, 51.482770565210252 ], [ 0.481462004754165, 51.487161769367027 ], [ 0.53055497082343, 51.485141718396498 ], [ 0.546977576254263, 51.487044461517463 ], [ 0.553607430709384, 51.484940547248527 ] ] ], [ [ [ 0.658533795700066, 51.447932574099561 ], [ 0.661182665928778, 51.443735311072281 ], [ 0.655500220159581, 51.445437226368874 ], [ 0.658533795700066, 51.447932574099561 ] ] ], [ [ [ 0.658115827660144, 51.439622877610304 ], [ 0.650251006841401, 51.439044701170779 ], [ 0.654057605963848, 51.44232571521357 ], [ 0.657258599840567, 51.44161371760476 ], [ 0.652926714324383, 51.44024686287964 ], [ 0.658115827660144, 51.439622877610304 ] ] ], [ [ [ 0.638884962088264, 51.421265237661366 ], [ 0.638462992006978, 51.416487415634123 ], [ 0.636929843880459, 51.419661637253299 ], [ 0.629854849520572, 51.421050114870155 ], [ 0.633822086010666, 51.42382547248409 ], [ 0.638884962088264, 51.421265237661366 ] ] ], [ [ [ 0.638287556628442, 51.427597652981959 ], [ 0.633123133541161, 51.426954805756068 ], [ 0.636593106521433, 51.429427366984527 ], [ 0.638287556628442, 51.427597652981959 ] ] ], [ [ [ 0.614614820043717, 51.400445829630655 ], [ 0.615295084694007, 51.395383389414427 ], [ 0.611531923349073, 51.399735793210759 ], [ 0.603359252745889, 51.393832540068168 ], [ 0.596985687510183, 51.396079470161879 ], [ 0.595099253368163, 51.400216089610829 ], [ 0.608084873191207, 51.401542931650653 ], [ 0.614614820043717, 51.400445829630655 ] ] ], [ [ [ 0.564406782869693, 51.40795475665837 ], [ 0.574582508093227, 51.405013653243735 ], [ 0.579435837604245, 51.406882780224109 ], [ 0.582543509084153, 51.40313407524345 ], [ 0.561491302486341, 51.402233807051921 ], [ 0.564406782869693, 51.40795475665837 ] ] ] ] } },
{ "type": "Feature", "properties": { "lta": "Bracknell Forest", "name": "Bracknell Forest", "id": "Bracknell Forest" }, "geometry": { "type": "Polygon", "coordinates": [ [ [ -0.764644925522864, 51.459720569786278 ], [ -0.757345864963608, 51.459023001761679 ], [ -0.752769071466227, 51.462224989420534 ], [ -0.724543124150885, 51.456137761316405 ], [ -0.714435101701293, 51.467142392082913 ], [ -0.705727013379316, 51.467736279799368 ], [ -0.688883438248697, 51.466958389873234 ], [ -0.672762973120468, 51.457847976214204 ], [ -0.665032707086739, 51.462464878132153 ], [ -0.65677244852355, 51.461492906659934 ], [ -0.661999027724753, 51.444318423619102 ], [ -0.653885239682861, 51.441366970775299 ], [ -0.630569714991555, 51.442191349721213 ], [ -0.637163314578568, 51.428003912187656 ], [ -0.631246770155936, 51.422860727425729 ], [ -0.631326741719576, 51.414453973993517 ], [ -0.638343997986184, 51.414654450765667 ], [ -0.644521693981167, 51.419425968434908 ], [ -0.663113302734481, 51.426015139316725 ], [ -0.667965482853695, 51.430747179637905 ], [ -0.67627752864025, 51.431582243473933 ], [ -0.696255274311112, 51.411289760396997 ], [ -0.6676523206679, 51.384570764343778 ], [ -0.735352790428448, 51.365009400959174 ], [ -0.744342847246433, 51.354563248395813 ], [ -0.75944547550474, 51.343521520707867 ], [ -0.758209656090084, 51.340568647466817 ], [ -0.775483457095346, 51.331958825569579 ], [ -0.784667919667856, 51.338232021658001 ], [ -0.794945699092969, 51.340959457911971 ], [ -0.814096560047934, 51.341564885636423 ], [ -0.819065597275546, 51.34882945802233 ], [ -0.828141185406155, 51.352863658562669 ], [ -0.837390638831855, 51.352885866994434 ], [ -0.822108821658789, 51.366172571387537 ], [ -0.813588177273729, 51.370318339761013 ], [ -0.788856526595137, 51.3717504294709 ], [ -0.801819032599187, 51.407539878945734 ], [ -0.792522342317413, 51.408849088884367 ], [ -0.796690132835019, 51.414453742080553 ], [ -0.799148006877729, 51.446380550055508 ], [ -0.787084185631975, 51.455641329784243 ], [ -0.78258189256577, 51.468687916873805 ], [ -0.769658321153967, 51.467756319667849 ], [ -0.764644925522864, 51.459720569786278 ] ] ] } },
{ "type": "Feature", "properties": { "lta": "West Berkshire", "name": "West Berkshire", "id": "West Berkshire" }, "geometry": { "type": "Polygon", "coordinates": [ [ [ -1.270218102692846, 51.544619076868415 ], [ -1.260674242450831, 51.537788660972168 ], [ -1.240183621130359, 51.537656902196062 ], [ -1.229960540448853, 51.534612304399168 ], [ -1.204663559519389, 51.537602349108752 ], [ -1.204669826040412, 51.528393125910917 ], [ -1.160818071881119, 51.534587829292597 ], [ -1.140394779108835, 51.54290923914499 ], [ -1.134466442723699, 51.533720287834761 ], [ -1.143555911197795, 51.52345286395412 ], [ -1.142073507698378, 51.516193865405306 ], [ -1.133713820069703, 51.511284031511877 ], [ -1.114805056808031, 51.510480129881934 ], [ -1.106989634733577, 51.501094936124439 ], [ -1.102797032067696, 51.490169456004196 ], [ -1.088382234527233, 51.48575126131206 ], [ -1.055442990002301, 51.492035777185095 ], [ -1.04361392841651, 51.48937899934856 ], [ -1.037417377762913, 51.483822838504814 ], [ -1.036577865123155, 51.475225111169728 ], [ -1.052994728943088, 51.46036856808383 ], [ -1.046740697028317, 51.456211352568765 ], [ -1.046811896474952, 51.450170354043237 ], [ -1.032995264945324, 51.451798098002968 ], [ -1.023470905602258, 51.444316161488807 ], [ -1.021829164793524, 51.436701689042216 ], [ -1.003738512075346, 51.433894035720705 ], [ -1.000743586516863, 51.429792534017139 ], [ -0.999163303251134, 51.412249440122721 ], [ -1.011905265114317, 51.392865678372345 ], [ -0.981745445476604, 51.375747708491986 ], [ -0.991811127340609, 51.366664736134389 ], [ -0.986143800901804, 51.362847304646969 ], [ -1.000242727983995, 51.362667197876256 ], [ -1.011142356617776, 51.359169131241629 ], [ -1.050100695633681, 51.358108721872483 ], [ -1.051533819879134, 51.36262601559465 ], [ -1.065793992900888, 51.372320741180026 ], [ -1.072531073964387, 51.375275759845216 ], [ -1.080041881287854, 51.374603281776054 ], [ -1.075374014671256, 51.379523970280651 ], [ -1.086660207387189, 51.383910896769933 ], [ -1.097536889980645, 51.38172565715886 ], [ -1.115476660025376, 51.374214749606445 ], [ -1.115810356377693, 51.360466018923177 ], [ -1.144150118864858, 51.357263067384395 ], [ -1.169641276102251, 51.360725755710291 ], [ -1.176913754485027, 51.357324171762855 ], [ -1.189301169271038, 51.36332269134428 ], [ -1.221045496028075, 51.367589708519333 ], [ -1.222607660829105, 51.369754539530369 ], [ -1.241598313080496, 51.366221941949057 ], [ -1.251159239878077, 51.37204094910367 ], [ -1.273429414190626, 51.367521531195955 ], [ -1.316737936819247, 51.372913326949231 ], [ -1.352897532345979, 51.367264183431949 ], [ -1.415482717790386, 51.371991149230531 ], [ -1.428371516627646, 51.356769144532585 ], [ -1.44413180166425, 51.354916206741002 ], [ -1.444894378517995, 51.348100083793092 ], [ -1.429721732578993, 51.336546461134937 ], [ -1.498301366561719, 51.329364330633318 ], [ -1.485633059445192, 51.347653195685488 ], [ -1.500648129649491, 51.356323514601414 ], [ -1.495387945069248, 51.369660124420186 ], [ -1.51354264968276, 51.372053131279912 ], [ -1.516916375309467, 51.378773200431418 ], [ -1.52759474620927, 51.37877894593943 ], [ -1.538289891835982, 51.385489801587525 ], [ -1.537654175011908, 51.388312579562943 ], [ -1.555610802114209, 51.395540470053866 ], [ -1.552936811308679, 51.410038912175004 ], [ -1.562238592735764, 51.408174961228504 ], [ -1.56997123419113, 51.417768890177079 ], [ -1.56376404555774, 51.42115919707161 ], [ -1.553089262036397, 51.421248669335782 ], [ -1.539560754076577, 51.426130867291882 ], [ -1.525281476110135, 51.424988113259204 ], [ -1.532043997420045, 51.429502927137762 ], [ -1.524073752395654, 51.440933032299249 ], [ -1.529086941423252, 51.455508206141253 ], [ -1.548404784968645, 51.460656018110569 ], [ -1.559540334058269, 51.469738500415929 ], [ -1.561597340771597, 51.476378370550364 ], [ -1.566844842637688, 51.476930095784951 ], [ -1.570428663044699, 51.48629541335923 ], [ -1.582236155783583, 51.494028859527411 ], [ -1.588078327960301, 51.513148012528518 ], [ -1.58120072945238, 51.536994216420567 ], [ -1.569373468837395, 51.543282394692405 ], [ -1.570021366455628, 51.547379472262705 ], [ -1.566191525987799, 51.54556831947724 ], [ -1.556384791578805, 51.553005036860057 ], [ -1.547415791460981, 51.553082270332972 ], [ -1.530973514630798, 51.546069157100263 ], [ -1.516694567914262, 51.551184889707329 ], [ -1.495903670263943, 51.545662150973428 ], [ -1.48604685071052, 51.540566211532372 ], [ -1.485871912237126, 51.534078954937392 ], [ -1.47075987218629, 51.528607022701856 ], [ -1.463003177127999, 51.530191150990895 ], [ -1.464437865790886, 51.538516686260749 ], [ -1.45677195287564, 51.535458487887169 ], [ -1.447847377030412, 51.536426574801759 ], [ -1.426607130739217, 51.545598623564672 ], [ -1.422784620428934, 51.535764787101996 ], [ -1.404873995261949, 51.547234760012813 ], [ -1.395866908067788, 51.540344487593075 ], [ -1.388920062926521, 51.539889465683423 ], [ -1.380715299547362, 51.542258020754936 ], [ -1.377968024331227, 51.549685797568614 ], [ -1.369031873825898, 51.552206965058943 ], [ -1.344005454169485, 51.543376751621466 ], [ -1.337968985322805, 51.545775993369311 ], [ -1.328738253853738, 51.563711079522186 ], [ -1.32629858925887, 51.559639077097977 ], [ -1.287614060472022, 51.552895309935465 ], [ -1.285539569067288, 51.54832968965227 ], [ -1.270218102692846, 51.544619076868415 ] ] ] } },
{ "type": "Feature", "properties": { "lta": "Reading", "name": "Reading", "id": "Reading" }, "geometry": { "type": "Polygon", "coordinates": [ [ [ -0.946775092212442, 51.471724071069694 ], [ -0.949460834611303, 51.464929701100687 ], [ -0.955204090816494, 51.465332574928084 ], [ -0.955472825282336, 51.46125536399407 ], [ -0.949187852218296, 51.459512290032251 ], [ -0.950038901816897, 51.457837957343713 ], [ -0.935088251771476, 51.451979972054133 ], [ -0.928579259731244, 51.445097096762829 ], [ -0.932353604832667, 51.440978421208357 ], [ -0.944248616101018, 51.446311906309383 ], [ -0.948154299127967, 51.439286617060134 ], [ -0.943726670770482, 51.438438406096942 ], [ -0.943452726592606, 51.429291181003805 ], [ -0.954217881482742, 51.421485616447931 ], [ -0.961946714558093, 51.412343908611398 ], [ -0.97131627390231, 51.410039587266887 ], [ -0.979760591740651, 51.412877485411443 ], [ -0.981391417211753, 51.420626863711064 ], [ -0.996305096193786, 51.419594991416432 ], [ -1.003738512075346, 51.433894035720705 ], [ -1.021829164793524, 51.436701689042216 ], [ -1.023470905602258, 51.444316161488807 ], [ -1.032995264945324, 51.451798098002968 ], [ -1.046811896474952, 51.450170354043237 ], [ -1.046740697028317, 51.456211352568765 ], [ -1.052994728943088, 51.46036856808383 ], [ -1.036577865123155, 51.475225111169728 ], [ -1.018224882060135, 51.466582875374712 ], [ -1.007316259624133, 51.468209349671767 ], [ -1.006949742935266, 51.473419734302787 ], [ -0.99820159530158, 51.477548080374888 ], [ -0.998419467780326, 51.484302827517205 ], [ -0.97537907029296, 51.487405254120553 ], [ -0.961825336213958, 51.493089774466398 ], [ -0.947052695722914, 51.486060565608099 ], [ -0.941156740946318, 51.47497623486732 ], [ -0.946775092212442, 51.471724071069694 ] ] ] } },
{ "type": "Feature", "properties": { "lta": "Slough", "name": "Slough", "id": "Slough" }, "geometry": { "type": "Polygon", "coordinates": [ [ [ -0.59500094832289, 51.524235154481197 ], [ -0.589795279357777, 51.522673105527147 ], [ -0.581010086096557, 51.52307226607207 ], [ -0.575997566616802, 51.533908119765179 ], [ -0.567275067376794, 51.532979126900329 ], [ -0.568027089607723, 51.530284453917623 ], [ -0.575113458603939, 51.529297925145485 ], [ -0.565063291473757, 51.52069053227865 ], [ -0.568987645360116, 51.517718896199135 ], [ -0.568727220873728, 51.51126755186138 ], [ -0.542405517279433, 51.508963625631424 ], [ -0.528873360954863, 51.510086643658084 ], [ -0.528766711848154, 51.497066460878116 ], [ -0.531838094238792, 51.49339297760875 ], [ -0.490044278572873, 51.494746234588156 ], [ -0.499188403553787, 51.488579872814469 ], [ -0.50982650441574, 51.469206409923082 ], [ -0.515680343937777, 51.468267848506244 ], [ -0.524377600133945, 51.471527571468584 ], [ -0.52426266350694, 51.479508524815969 ], [ -0.538128719223574, 51.488304712441796 ], [ -0.554142084681289, 51.491279994334469 ], [ -0.552561374342051, 51.494844718390766 ], [ -0.560568414675176, 51.497210235430323 ], [ -0.565585959383151, 51.491340501117257 ], [ -0.589627451824395, 51.499397551954956 ], [ -0.591049859161533, 51.497326744773638 ], [ -0.600592940138498, 51.502302952983399 ], [ -0.607733275443772, 51.497249889974711 ], [ -0.626547204574726, 51.504411742841981 ], [ -0.642229483739788, 51.500625195368599 ], [ -0.642987882609869, 51.502691387410827 ], [ -0.653482195990943, 51.500504909481315 ], [ -0.653933111073922, 51.504222904240528 ], [ -0.659289079232423, 51.504900196970496 ], [ -0.653917413975031, 51.512190598522906 ], [ -0.655041480223305, 51.518842969317568 ], [ -0.660161368979085, 51.520354799887592 ], [ -0.659962808857193, 51.528444435403671 ], [ -0.653075276182267, 51.529995797984938 ], [ -0.639740666682902, 51.537130035487344 ], [ -0.624788005146522, 51.538003276267688 ], [ -0.610553934031464, 51.531499834393436 ], [ -0.596239571512311, 51.527927747575497 ], [ -0.59500094832289, 51.524235154481197 ] ] ] } },
{ "type": "Feature", "properties": { "lta": "Windsor and Maidenhead", "name": "Windsor and Maidenhead", "id": "Windsor and Maidenhead" }, "geometry": { "type": "Polygon", "coordinates": [ [ [ -0.716863868409641, 51.577186237225099 ], [ -0.71096473496719, 51.564161170912911 ], [ -0.705323205123056, 51.562272732534993 ], [ -0.699796529162306, 51.565707288498189 ], [ -0.694195895997646, 51.56217244599862 ], [ -0.692696514050103, 51.544021834618555 ], [ -0.702070071708738, 51.523945229041779 ], [ -0.703182917969473, 51.511104428751125 ], [ -0.688484927784195, 51.50847011558168 ], [ -0.678516539098198, 51.494561819309993 ], [ -0.662301763724567, 51.487924404187311 ], [ -0.651953371900377, 51.485468931440018 ], [ -0.648236586441708, 51.488229879941869 ], [ -0.633845293851043, 51.492693077658942 ], [ -0.644464535975861, 51.496483263526301 ], [ -0.642229483739788, 51.500625195368599 ], [ -0.626547204574726, 51.504411742841981 ], [ -0.607733275443772, 51.497249889974711 ], [ -0.600592940138498, 51.502302952983399 ], [ -0.591049859161533, 51.497326744773638 ], [ -0.589627451824395, 51.499397551954956 ], [ -0.565585959383151, 51.491340501117257 ], [ -0.560568414675176, 51.497210235430323 ], [ -0.552561374342051, 51.494844718390766 ], [ -0.554142084681289, 51.491279994334469 ], [ -0.538128719223574, 51.488304712441796 ], [ -0.52426266350694, 51.479508524815969 ], [ -0.524377600133945, 51.471527571468584 ], [ -0.529979049888899, 51.470167317834481 ], [ -0.540631879098751, 51.457851582039261 ], [ -0.52675075496942, 51.447509651221822 ], [ -0.53151404391157, 51.441678580774671 ], [ -0.524558816230433, 51.439879999379734 ], [ -0.522797168480278, 51.43530374311905 ], [ -0.53467958105822, 51.437365060054283 ], [ -0.550466494729505, 51.443467656942303 ], [ -0.555587694214093, 51.441478304521837 ], [ -0.571707921465697, 51.450991027373924 ], [ -0.579693348701646, 51.444746806704451 ], [ -0.594239952041829, 51.441544736634086 ], [ -0.605142122804957, 51.431311400148196 ], [ -0.604974145916465, 51.421380214929314 ], [ -0.608519228470584, 51.4120102324976 ], [ -0.618386521623505, 51.399025400621724 ], [ -0.614538694362768, 51.397393759174626 ], [ -0.623512756460972, 51.389543139196924 ], [ -0.616362522252397, 51.383539440436628 ], [ -0.620940684563717, 51.385171535684705 ], [ -0.625948888964158, 51.382872561240667 ], [ -0.640491523801648, 51.387380191238492 ], [ -0.646697017915089, 51.385383935470841 ], [ -0.655318520647447, 51.387245349609927 ], [ -0.6676523206679, 51.384570764343778 ], [ -0.696255274311112, 51.411289760396997 ], [ -0.67627752864025, 51.431582243473933 ], [ -0.667965482853695, 51.430747179637905 ], [ -0.663113302734481, 51.426015139316725 ], [ -0.644521693981167, 51.419425968434908 ], [ -0.638343997986184, 51.414654450765667 ], [ -0.631326741719576, 51.414453973993517 ], [ -0.631246770155936, 51.422860727425729 ], [ -0.637163314578568, 51.428003912187656 ], [ -0.630569714991555, 51.442191349721213 ], [ -0.653885239682861, 51.441366970775299 ], [ -0.661999027724753, 51.444318423619102 ], [ -0.65677244852355, 51.461492906659934 ], [ -0.665032707086739, 51.462464878132153 ], [ -0.672762973120468, 51.457847976214204 ], [ -0.688883438248697, 51.466958389873234 ], [ -0.714435101701293, 51.467142392082913 ], [ -0.724543124150885, 51.456137761316405 ], [ -0.752769071466227, 51.462224989420534 ], [ -0.757345864963608, 51.459023001761679 ], [ -0.764644925522864, 51.459720569786278 ], [ -0.769658321153967, 51.467756319667849 ], [ -0.78258189256577, 51.468687916873805 ], [ -0.787084185631975, 51.455641329784243 ], [ -0.799148006877729, 51.446380550055508 ], [ -0.800055364254858, 51.441178410757296 ], [ -0.818102827957828, 51.443189435432942 ], [ -0.828308453822171, 51.462041911887951 ], [ -0.833772272616513, 51.464097046109728 ], [ -0.825216762640828, 51.465560972996009 ], [ -0.821802205873049, 51.472600717668492 ], [ -0.829160875901686, 51.486279148141683 ], [ -0.820958442594242, 51.497175204938408 ], [ -0.820460320386641, 51.494987858744182 ], [ -0.817085249411818, 51.496430369622836 ], [ -0.817409264235498, 51.507235559558978 ], [ -0.82407539701741, 51.512477436452237 ], [ -0.836205235348836, 51.512748507693125 ], [ -0.853926317407615, 51.526070832355281 ], [ -0.842727348879879, 51.54476893524793 ], [ -0.837778807664375, 51.546970771473042 ], [ -0.82910526177836, 51.545608165214361 ], [ -0.824379958988786, 51.550405894242459 ], [ -0.810533668822823, 51.552694505974806 ], [ -0.794522140892929, 51.551154344593947 ], [ -0.782400928601541, 51.556260732890244 ], [ -0.774761574100256, 51.566774597011687 ], [ -0.757187273468432, 51.564783992379269 ], [ -0.727882829702471, 51.577239623349207 ], [ -0.716863868409641, 51.577186237225099 ] ] ] } },
{ "type": "Feature", "properties": { "lta": "Wokingham", "name": "Wokingham", "id": "Wokingham" }, "geometry": { "type": "Polygon", "coordinates": [ [ [ -0.817409264235498, 51.507235559558978 ], [ -0.817085249411818, 51.496430369622836 ], [ -0.820460320386641, 51.494987858744182 ], [ -0.820958442594242, 51.497175204938408 ], [ -0.829160875901686, 51.486279148141683 ], [ -0.821802205873049, 51.472600717668492 ], [ -0.825216762640828, 51.465560972996009 ], [ -0.833772272616513, 51.464097046109728 ], [ -0.828308453822171, 51.462041911887951 ], [ -0.818102827957828, 51.443189435432942 ], [ -0.800055364254858, 51.441178410757296 ], [ -0.796690132835019, 51.414453742080553 ], [ -0.792522342317413, 51.408849088884367 ], [ -0.801819032599187, 51.407539878945734 ], [ -0.788856526595137, 51.3717504294709 ], [ -0.813588177273729, 51.370318339761013 ], [ -0.822108821658789, 51.366172571387537 ], [ -0.837390638831855, 51.352885866994434 ], [ -0.842878602916457, 51.352270915429919 ], [ -0.868097908213621, 51.354748740442297 ], [ -0.874010686707895, 51.352371166447305 ], [ -0.91509492745296, 51.360785175635989 ], [ -0.917767251310658, 51.364555694890178 ], [ -0.936009157053141, 51.366316118478849 ], [ -0.939173050122392, 51.363170631725104 ], [ -0.986759923070272, 51.359854663944368 ], [ -0.986143800901804, 51.362847304646969 ], [ -0.991811127340609, 51.366664736134389 ], [ -0.981745445476604, 51.375747708491986 ], [ -1.011905265114317, 51.392865678372345 ], [ -0.999163303251134, 51.412249440122721 ], [ -1.001280404646311, 51.426339956618179 ], [ -0.996305096193786, 51.419594991416432 ], [ -0.981391417211753, 51.420626863711064 ], [ -0.979760591740651, 51.412877485411443 ], [ -0.97131627390231, 51.410039587266887 ], [ -0.961946714558093, 51.412343908611398 ], [ -0.954217881482742, 51.421485616447931 ], [ -0.943452726592606, 51.429291181003805 ], [ -0.943726670770482, 51.438438406096942 ], [ -0.948154299127967, 51.439286617060134 ], [ -0.944248616101018, 51.446311906309383 ], [ -0.932353604832667, 51.440978421208357 ], [ -0.928579259731244, 51.445097096762829 ], [ -0.935088251771476, 51.451979972054133 ], [ -0.950038901816897, 51.457837957343713 ], [ -0.949187852218296, 51.459512290032251 ], [ -0.926886467132148, 51.46728349515265 ], [ -0.910627391561337, 51.47682954737494 ], [ -0.908205118055409, 51.483959080885455 ], [ -0.897670818687538, 51.487043751711653 ], [ -0.893695247124286, 51.496761578947982 ], [ -0.870533323830372, 51.503281117182802 ], [ -0.871626664513878, 51.507572116673089 ], [ -0.880228099645163, 51.51160967707164 ], [ -0.878237341008462, 51.523015705374917 ], [ -0.899824689001089, 51.536196125742897 ], [ -0.896901745143663, 51.54486016777274 ], [ -0.887389722310407, 51.559468243193095 ], [ -0.879742425943877, 51.562124529177652 ], [ -0.872767342607023, 51.560308002009698 ], [ -0.862544126331928, 51.549017271395378 ], [ -0.842727348879879, 51.54476893524793 ], [ -0.853926317407615, 51.526070832355281 ], [ -0.836205235348836, 51.512748507693125 ], [ -0.82407539701741, 51.512477436452237 ], [ -0.817409264235498, 51.507235559558978 ] ] ] } },
{ "type": "Feature", "properties": { "lta": "Brighton and Hove", "name": "Brighton and Hove", "id": "Brighton and Hove" }, "geometry": { "type": "Polygon", "coordinates": [ [ [ -0.166454294497414, 50.880902456040459 ], [ -0.152935671598969, 50.879863479375942 ], [ -0.152496262546809, 50.885470454512564 ], [ -0.144664115186048, 50.886983640283987 ], [ -0.138924325332254, 50.884495165161958 ], [ -0.135032242393129, 50.886656249282375 ], [ -0.135307042039708, 50.878104196683935 ], [ -0.124239332193576, 50.87803287300779 ], [ -0.120117660722551, 50.87356821179214 ], [ -0.104942788783638, 50.872348808396254 ], [ -0.097546850457138, 50.877950980933143 ], [ -0.084955326553425, 50.873125175877298 ], [ -0.075289591709842, 50.850705495488533 ], [ -0.070806916407133, 50.845824467377888 ], [ -0.073480423241517, 50.841220307723397 ], [ -0.045642425755554, 50.844963512649052 ], [ -0.036888251815402, 50.841178930581194 ], [ -0.042195584574601, 50.824822748327158 ], [ -0.045996686833793, 50.821830440757452 ], [ -0.037874152876618, 50.820875744867074 ], [ -0.030257570051454, 50.817354987365711 ], [ -0.020456814751059, 50.821836092923064 ], [ -0.016614513166425, 50.816280189632955 ], [ -0.038021571237722, 50.799464566340028 ], [ -0.076017331452809, 50.807132107528503 ], [ -0.091906184368612, 50.811708558993047 ], [ -0.097007941410585, 50.808374064408618 ], [ -0.106188893543217, 50.809561306100058 ], [ -0.096729392889731, 50.808556141863612 ], [ -0.094089896646468, 50.810672291786595 ], [ -0.107236159081047, 50.811585948526393 ], [ -0.106414130619478, 50.808271705549473 ], [ -0.107540725892138, 50.812813780071501 ], [ -0.123944154923113, 50.816364541741159 ], [ -0.166960123138847, 50.823098246007419 ], [ -0.216646263020934, 50.827601771288208 ], [ -0.23978030586069, 50.861958752689681 ], [ -0.244998135656677, 50.863815343452067 ], [ -0.226746562586453, 50.878186882453122 ], [ -0.214174377955397, 50.875185678230963 ], [ -0.213909734699816, 50.870470926969816 ], [ -0.205429318515475, 50.87009349885372 ], [ -0.20266474664525, 50.875863300422438 ], [ -0.199015296540127, 50.870126859884657 ], [ -0.187762287474685, 50.868576714703316 ], [ -0.189775616933769, 50.874422203011143 ], [ -0.181888846002619, 50.880910612703225 ], [ -0.182444237611752, 50.888276982374741 ], [ -0.165866792275244, 50.892340720818069 ], [ -0.166454294497414, 50.880902456040459 ] ] ] } },
{ "type": "Feature", "properties": { "lta": "Portsmouth", "name": "Portsmouth", "id": "Portsmouth" }, "geometry": { "type": "MultiPolygon", "coordinates": [ [ [ [ -1.066201375488298, 50.858483796625308 ], [ -1.054362259325652, 50.855096576389791 ], [ -1.054097127083625, 50.856540145518032 ], [ -1.022644137042203, 50.852082817761072 ], [ -1.025154686940746, 50.847738266353524 ], [ -1.020659201985082, 50.839206539887336 ], [ -1.024250786264709, 50.833014533463384 ], [ -1.024144413485004, 50.826332920477697 ], [ -1.034910460100622, 50.829318111622094 ], [ -1.036300622435988, 50.835384406050075 ], [ -1.04413325881182, 50.83214668727959 ], [ -1.078806215359443, 50.837226705237669 ], [ -1.089182001537297, 50.828604951594684 ], [ -1.087923578608473, 50.831359093816715 ], [ -1.094988918074814, 50.831344377253629 ], [ -1.106289378425645, 50.83787202673669 ], [ -1.10329398310762, 50.846410103078419 ], [ -1.113856231708434, 50.846809258961791 ], [ -1.111831791662338, 50.84351136913503 ], [ -1.116063425690747, 50.843859636836783 ], [ -1.114357267267972, 50.838406064787776 ], [ -1.1181461265818, 50.844216175536047 ], [ -1.115797624200525, 50.858283106924212 ], [ -1.090791799313908, 50.858591148853051 ], [ -1.075542626431565, 50.856388205500224 ], [ -1.066201375488298, 50.858483796625308 ] ] ], [ [ [ -1.044151979635593, 50.831370487559049 ], [ -1.038320012318857, 50.794662891875149 ], [ -1.044017494278782, 50.790175523866303 ], [ -1.032008225569549, 50.792016276246649 ], [ -1.030674781919924, 50.795536168136579 ], [ -1.032111750219534, 50.786795901348057 ], [ -1.089236002705434, 50.777711720282859 ], [ -1.109685393221721, 50.79155299602489 ], [ -1.105688334022565, 50.791125871803381 ], [ -1.10884511650205, 50.796508053991289 ], [ -1.105857598502772, 50.797054246621975 ], [ -1.111262319769781, 50.798548790479664 ], [ -1.11152546719471, 50.806975219908821 ], [ -1.103750921941659, 50.805712529519255 ], [ -1.104006004926244, 50.810480639215811 ], [ -1.091351848824707, 50.809055475789613 ], [ -1.0905040904896, 50.811637876983767 ], [ -1.096872182651351, 50.811303351058953 ], [ -1.091223193083773, 50.814812500877814 ], [ -1.090668207587862, 50.816856767591304 ], [ -1.100228504554899, 50.826920021704218 ], [ -1.093091455171633, 50.829022150803688 ], [ -1.085624330906731, 50.824941397542347 ], [ -1.076621739562505, 50.836806602045293 ], [ -1.044151979635593, 50.831370487559049 ] ] ], [ [ [ -1.092612327211306, 50.815058052900177 ], [ -1.101656671087136, 50.813681049170555 ], [ -1.098049965216879, 50.820310631700472 ], [ -1.092612327211306, 50.815058052900177 ] ] ], [ [ [ -1.112973948373995, 50.836125028502984 ], [ -1.122260606969211, 50.835674897261306 ], [ -1.152346480772653, 50.841136917363478 ], [ -1.130630486248979, 50.838223924820447 ], [ -1.112973948373995, 50.836125028502984 ] ] ] ] } },
{ "type": "Feature", "properties": { "lta": "Southampton", "name": "Southampton", "id": "Southampton" }, "geometry": { "type": "Polygon", "coordinates": [ [ [ -1.401366819278857, 50.950398307217128 ], [ -1.392871217704207, 50.949390400814657 ], [ -1.390841487024334, 50.946543629392686 ], [ -1.366928523700563, 50.946876969688169 ], [ -1.354700672148108, 50.941030668256992 ], [ -1.359008389331104, 50.937966360428213 ], [ -1.352781017397964, 50.935366496309207 ], [ -1.357429782407713, 50.931789732483928 ], [ -1.353491640188571, 50.926551930166617 ], [ -1.339498818133436, 50.923722433025382 ], [ -1.324649907874322, 50.908447350076564 ], [ -1.327886089686437, 50.904462619932666 ], [ -1.32403403396632, 50.904419712384708 ], [ -1.321987978218678, 50.900962817442235 ], [ -1.342047899442957, 50.893710343177368 ], [ -1.364017914102163, 50.879287343135402 ], [ -1.383134753738601, 50.8893938795445 ], [ -1.382462389777373, 50.897974352978956 ], [ -1.384844661599711, 50.904000397767376 ], [ -1.371797202017798, 50.911970269950629 ], [ -1.376757222081467, 50.916331188310863 ], [ -1.385544456342422, 50.914694344618781 ], [ -1.387661800217414, 50.917029163679686 ], [ -1.376916760116761, 50.921856111466511 ], [ -1.380842110673129, 50.932415040606898 ], [ -1.380031622535844, 50.921280071510111 ], [ -1.389202724103519, 50.919174668692428 ], [ -1.389693253926648, 50.915173851719551 ], [ -1.377525362908264, 50.911315724839042 ], [ -1.388290467000248, 50.905038503668081 ], [ -1.388002940079515, 50.89545254281677 ], [ -1.392870212001742, 50.894897026976615 ], [ -1.38840193201424, 50.894192082552522 ], [ -1.392673019153111, 50.888412370667176 ], [ -1.396399533443078, 50.892569172179606 ], [ -1.393279781751326, 50.883064979880785 ], [ -1.399497959934861, 50.888341582625067 ], [ -1.399031333261239, 50.894557500037855 ], [ -1.400830647752591, 50.890294397067258 ], [ -1.403550476333576, 50.895637279647616 ], [ -1.440972450719017, 50.908091701049614 ], [ -1.450988464450353, 50.904069211025245 ], [ -1.464607488166368, 50.910005996255038 ], [ -1.478733137444216, 50.925241334969662 ], [ -1.477336758456075, 50.928469735226273 ], [ -1.464117057087372, 50.935114568053173 ], [ -1.455987874601531, 50.946012217580538 ], [ -1.451016992632578, 50.94433477131053 ], [ -1.44955473454338, 50.949919386603412 ], [ -1.441302514628209, 50.947063797464651 ], [ -1.435726022706484, 50.949000110310337 ], [ -1.423792964107822, 50.947238659319986 ], [ -1.421047474486949, 50.951685304969793 ], [ -1.409620141276712, 50.949767590182134 ], [ -1.406149529675186, 50.956135572553805 ], [ -1.401366819278857, 50.950398307217128 ] ] ] } },
{ "type": "Feature", "properties": { "lta": "Isle of Wight", "name": "Isle of Wight", "id": "Isle of Wight" }, "geometry": { "type": "Polygon", "coordinates": [ [ [ -1.282931443885309, 50.729731303838506 ], [ -1.292227370652483, 50.705542872465607 ], [ -1.290037078084269, 50.697756225567055 ], [ -1.291095886276889, 50.706789293875907 ], [ -1.275644831793122, 50.731735523961738 ], [ -1.286392754604096, 50.740561856020847 ], [ -1.290475532528961, 50.75436461575493 ], [ -1.288349423664273, 50.762975250073566 ], [ -1.275822643157049, 50.76576488764411 ], [ -1.268002033343707, 50.762947213062397 ], [ -1.245476162724714, 50.749666812500941 ], [ -1.239239578749331, 50.743869085753545 ], [ -1.214218443733106, 50.738149135743683 ], [ -1.223552450164484, 50.731371010947292 ], [ -1.225471392825513, 50.724639976879565 ], [ -1.217565303517105, 50.734976810377034 ], [ -1.160186871296233, 50.733198123736699 ], [ -1.109719238746825, 50.721574628218953 ], [ -1.101404715902641, 50.707391420326772 ], [ -1.097809972672492, 50.706146626453346 ], [ -1.096154043392363, 50.69424290362506 ], [ -1.103898500859314, 50.696273485671782 ], [ -1.102841058128225, 50.699795075461374 ], [ -1.108272715710991, 50.693526405959126 ], [ -1.098319113459988, 50.690523553010671 ], [ -1.093631733854107, 50.695811933211701 ], [ -1.083777281260309, 50.694629857018299 ], [ -1.070684879203563, 50.687939741326979 ], [ -1.069847088243298, 50.683892426621107 ], [ -1.0947172299388, 50.671995351729372 ], [ -1.098063974040273, 50.665238546876409 ], [ -1.108957569533661, 50.66552095256047 ], [ -1.132607067979425, 50.662115073676723 ], [ -1.160464322503652, 50.649348856054125 ], [ -1.16601000834164, 50.644018893853946 ], [ -1.169025742970926, 50.636853152898674 ], [ -1.175225288578824, 50.606848336224701 ], [ -1.182616827829641, 50.598406251230678 ], [ -1.249894018407036, 50.580893521243794 ], [ -1.303505563263528, 50.576499680723956 ], [ -1.318173552267549, 50.589465596433058 ], [ -1.339474663921203, 50.601801065976709 ], [ -1.366735352050943, 50.613852561376014 ], [ -1.389860283446145, 50.627232307801236 ], [ -1.447278566756112, 50.643498990642982 ], [ -1.463972953723307, 50.652315299605149 ], [ -1.485192310589702, 50.666957731895742 ], [ -1.511044858746666, 50.670013242270961 ], [ -1.578910657528773, 50.660158425325939 ], [ -1.586543522563731, 50.663132524702334 ], [ -1.56987922829248, 50.665375278845765 ], [ -1.569579731593821, 50.673529934205561 ], [ -1.548986907553824, 50.677875674348222 ], [ -1.535604362670778, 50.692054277234675 ], [ -1.532055114344368, 50.702004439994219 ], [ -1.523799959202949, 50.706271435444215 ], [ -1.502994762304146, 50.706744814890982 ], [ -1.509679269279522, 50.705824604528857 ], [ -1.504581220578775, 50.70468608223905 ], [ -1.504944812673691, 50.70134185923564 ], [ -1.502802938749988, 50.70303049423768 ], [ -1.503390024201058, 50.697131239077159 ], [ -1.502272818104938, 50.699545693602218 ], [ -1.499844272303408, 50.697963368981476 ], [ -1.508037929631351, 50.696040242484642 ], [ -1.503899201196871, 50.695151350694985 ], [ -1.505100348637657, 50.693676873576266 ], [ -1.499068802633182, 50.694228346800855 ], [ -1.501954347108853, 50.695253882222204 ], [ -1.497862755711863, 50.698128325110616 ], [ -1.501358653295408, 50.700977035068277 ], [ -1.497447162978372, 50.700217108215561 ], [ -1.496765934444774, 50.702714171492886 ], [ -1.501017402638747, 50.701736848564487 ], [ -1.503919155959132, 50.705682712178636 ], [ -1.470127659423176, 50.709650097095519 ], [ -1.427400907965174, 50.72610901176435 ], [ -1.412066670204777, 50.724570576815097 ], [ -1.421176917709974, 50.724682711001904 ], [ -1.411970608464168, 50.720811116073911 ], [ -1.418271335417881, 50.718893084805622 ], [ -1.412472418286648, 50.718971026253847 ], [ -1.416757915767573, 50.713756545091854 ], [ -1.413538956178583, 50.71546112461656 ], [ -1.413045944776221, 50.703553996858666 ], [ -1.412909690327095, 50.711520018803355 ], [ -1.407033346089824, 50.708566202494723 ], [ -1.412203094835395, 50.714351794110996 ], [ -1.402453340750576, 50.70930321190189 ], [ -1.399733030001306, 50.710787485749641 ], [ -1.409911118852846, 50.716502171477742 ], [ -1.407845363482674, 50.721267757287514 ], [ -1.403489004017819, 50.724467417530946 ], [ -1.409193616753053, 50.716099390924938 ], [ -1.403951997618206, 50.720859448816725 ], [ -1.399903850934421, 50.71660219666105 ], [ -1.397439073073935, 50.719184806147261 ], [ -1.392272793558878, 50.715542908777735 ], [ -1.379531097784618, 50.71634902563094 ], [ -1.376682950435056, 50.710657596556594 ], [ -1.379338913953469, 50.717473539507203 ], [ -1.36993451692542, 50.719834445351651 ], [ -1.389251353984131, 50.71664483989057 ], [ -1.395220063424947, 50.719755155495868 ], [ -1.389728345079883, 50.72001814659437 ], [ -1.392782082488306, 50.722719993782221 ], [ -1.386153045484068, 50.722646629891436 ], [ -1.400092154612752, 50.724157092885584 ], [ -1.395992575483508, 50.726332868496371 ], [ -1.401165176011264, 50.727225540924358 ], [ -1.407817419266276, 50.723823363772674 ], [ -1.409484702348192, 50.725132370116505 ], [ -1.408787985402047, 50.725596010396451 ], [ -1.353339753940218, 50.739097580194041 ], [ -1.342543383842221, 50.752651641196103 ], [ -1.32808893140872, 50.757963135775448 ], [ -1.31973176163723, 50.765405072261792 ], [ -1.308112178947175, 50.767227218581368 ], [ -1.299942226429448, 50.76695781515415 ], [ -1.292198250620788, 50.758013499384823 ], [ -1.29386936108852, 50.750596469160776 ], [ -1.287771159866876, 50.734150311539807 ], [ -1.282931443885309, 50.729731303838506 ] ] ] } },
{ "type": "Feature", "properties": { "lta": "East Sussex", "name": "East Sussex", "id": "East Sussex" }, "geometry": { "type": "Polygon", "coordinates": [ [ [ 0.160940669928213, 51.14063756859526 ], [ 0.160691786853825, 51.137331779023803 ], [ 0.1545800549039, 51.137531708394249 ], [ 0.149999719495677, 51.131192778293787 ], [ 0.153487556024183, 51.120506860720631 ], [ 0.162578927606175, 51.11640892060263 ], [ 0.199607253184078, 51.116942972309637 ], [ 0.227418254636065, 51.124243256164085 ], [ 0.24321732867718, 51.115278584026939 ], [ 0.266237499903376, 51.115100784265039 ], [ 0.275585731046933, 51.112300692004396 ], [ 0.278914858662822, 51.114678907748505 ], [ 0.272112881647152, 51.118836948699112 ], [ 0.274847589998474, 51.120653881754734 ], [ 0.279582035013764, 51.117848838390955 ], [ 0.298710809121243, 51.118159377015822 ], [ 0.325239884070011, 51.122894364574208 ], [ 0.330056778515405, 51.117787078452025 ], [ 0.324430335751596, 51.112307760806154 ], [ 0.335050106368999, 51.105468320453994 ], [ 0.358949031490896, 51.104533077464573 ], [ 0.350759926359494, 51.099136379531416 ], [ 0.353908663051787, 51.093665102833555 ], [ 0.350804079606353, 51.084058564396173 ], [ 0.356708381937106, 51.083028312152457 ], [ 0.364723823835759, 51.088227364751631 ], [ 0.373813251459791, 51.088463096904142 ], [ 0.391672199400646, 51.085789467060636 ], [ 0.390836234236982, 51.081297824943675 ], [ 0.396468586544396, 51.083134280744687 ], [ 0.406620542081988, 51.079705337596145 ], [ 0.400885092614047, 51.071183566709379 ], [ 0.408977569532865, 51.069395352701193 ], [ 0.411283420568295, 51.065889675364097 ], [ 0.417749782656045, 51.067895694493338 ], [ 0.418238963092512, 51.062629652325988 ], [ 0.425544772539714, 51.064069216762221 ], [ 0.44073350681205, 51.057884126626135 ], [ 0.453626263203886, 51.056930721411604 ], [ 0.471372387041027, 51.049080137981001 ], [ 0.466061580968592, 51.042739197109455 ], [ 0.46795309396682, 51.032638425304988 ], [ 0.478042158160914, 51.029046073219767 ], [ 0.496509690297427, 51.030564938742813 ], [ 0.50840592933184, 51.024129852367942 ], [ 0.537538970375085, 51.021641928640513 ], [ 0.542077141047863, 51.010913173084006 ], [ 0.563667222158072, 51.007409313338002 ], [ 0.570771376440695, 51.003485240016204 ], [ 0.627546811063865, 51.017841110962351 ], [ 0.637132938375632, 51.011879537778334 ], [ 0.646739551119405, 51.016859100388757 ], [ 0.65468758672726, 51.014694454275983 ], [ 0.662093376659985, 51.017463565310059 ], [ 0.682207603395573, 51.000550885061244 ], [ 0.69918890224861, 50.99849385912799 ], [ 0.706739480701687, 50.993605146466493 ], [ 0.711223562132789, 50.998474988835383 ], [ 0.741061908718743, 51.000646621926158 ], [ 0.778923467941625, 50.989494367116727 ], [ 0.781020488125268, 50.986501484403739 ], [ 0.776993503655367, 50.984857772597017 ], [ 0.781669386385186, 50.982888283695708 ], [ 0.777101927499333, 50.975430806529921 ], [ 0.784294614735095, 50.977232029471608 ], [ 0.813429707459563, 50.949012900640248 ], [ 0.812908003489194, 50.94200166358327 ], [ 0.819033831414113, 50.945457035436384 ], [ 0.829834398751212, 50.94566701526184 ], [ 0.841366648693144, 50.95761047472751 ], [ 0.84607769859335, 50.951855182905824 ], [ 0.855932830720317, 50.953130053083427 ], [ 0.859594097505546, 50.939681548727464 ], [ 0.867855895804437, 50.933263491266658 ], [ 0.854418308263437, 50.923766860337658 ], [ 0.788054904600836, 50.933288669144957 ], [ 0.771984124603798, 50.93126458927992 ], [ 0.774575685840251, 50.927601595931236 ], [ 0.749742760063189, 50.922182867625388 ], [ 0.709771948903015, 50.901991782266705 ], [ 0.682497360684585, 50.885860875297247 ], [ 0.669502274887119, 50.873496646033573 ], [ 0.65861800171393, 50.869957512467977 ], [ 0.608843887207241, 50.85976679880671 ], [ 0.589407095418232, 50.854220155529006 ], [ 0.51908872749868, 50.84686566297885 ], [ 0.476143927731098, 50.837139577398297 ], [ 0.427270193024702, 50.83213089732849 ], [ 0.377483101191854, 50.820303846084606 ], [ 0.349934584581235, 50.809827332315542 ], [ 0.329765998289704, 50.786322447377657 ], [ 0.315728038255611, 50.781056151123053 ], [ 0.271529008836257, 50.7525430296755 ], [ 0.258194397519651, 50.737656155240366 ], [ 0.240880195649843, 50.734949376421689 ], [ 0.209899806461458, 50.738411832856315 ], [ 0.188740519885607, 50.747840819455739 ], [ 0.148914769129847, 50.759089283528226 ], [ 0.137809756523533, 50.755766892417491 ], [ 0.123920799345163, 50.758120075906007 ], [ 0.066745524962363, 50.782488892700229 ], [ 0.05235646082388, 50.780711372979589 ], [ 0.056119213522654, 50.777420761319277 ], [ 0.052696223025254, 50.779788929226562 ], [ 0.029651014705387, 50.782979445294757 ], [ -0.012635385753437, 50.792061028642358 ], [ -0.038021571237722, 50.799464566340028 ], [ -0.016614513166425, 50.816280189632955 ], [ -0.020456814751059, 50.821836092923064 ], [ -0.030257570051454, 50.817354987365711 ], [ -0.037874152876618, 50.820875744867074 ], [ -0.045996686833793, 50.821830440757452 ], [ -0.042195584574601, 50.824822748327158 ], [ -0.036888251815402, 50.841178930581194 ], [ -0.045642425755554, 50.844963512649052 ], [ -0.073480423241517, 50.841220307723397 ], [ -0.070806916407133, 50.845824467377888 ], [ -0.075289591709842, 50.850705495488533 ], [ -0.084955326553425, 50.873125175877298 ], [ -0.097546850457138, 50.877950980933143 ], [ -0.104942788783638, 50.872348808396254 ], [ -0.120117660722551, 50.87356821179214 ], [ -0.124239332193576, 50.87803287300779 ], [ -0.135307042039708, 50.878104196683935 ], [ -0.128430141285984, 50.918876005717664 ], [ -0.116946462361783, 50.941070817333667 ], [ -0.120064317406767, 50.941717404609342 ], [ -0.118119872408202, 50.945264164304746 ], [ -0.10545320857206, 50.94311520859862 ], [ -0.1047377904546, 50.945627451288082 ], [ -0.106470079567355, 50.96296740321668 ], [ -0.110411909595527, 50.967812108671545 ], [ -0.116335257323698, 50.9671810775029 ], [ -0.11517411668142, 50.97612167277051 ], [ -0.108742630869724, 50.980248053518864 ], [ -0.102696950597235, 50.980848329816666 ], [ -0.093093837008372, 50.97923268484945 ], [ -0.083846653373154, 50.990723161553461 ], [ -0.070551495358483, 50.991349699439333 ], [ -0.063739109304782, 50.979216431300912 ], [ -0.05356335010138, 50.979482621793579 ], [ -0.047011634659026, 50.981212402120981 ], [ -0.036743941126295, 50.979796473763507 ], [ -0.036326533141486, 50.9771948955784 ], [ -0.024630329341102, 50.980029261232112 ], [ -0.016376780372018, 51.002500235187767 ], [ -0.020122699472464, 51.003471482323583 ], [ -0.016057640609159, 51.014817851315904 ], [ -0.022206171262743, 51.016787592179192 ], [ -0.021901296665629, 51.026507083894245 ], [ -0.001592078070468, 51.035758620304065 ], [ -0.007930427666548, 51.03899203790732 ], [ -0.002043456741294, 51.043071587218705 ], [ -0.003028428679777, 51.047567967424655 ], [ 0.007693859983502, 51.05091058011503 ], [ 0.013713921390184, 51.056999924692171 ], [ -0.008574972547226, 51.056461660221068 ], [ -0.014997081393086, 51.069355782573375 ], [ -0.013283613693684, 51.073970805949791 ], [ -0.026879176121067, 51.075116639463346 ], [ -0.032828792904256, 51.092392121309459 ], [ -0.036223842763122, 51.093461012428897 ], [ -0.026196803569381, 51.091753381652097 ], [ -0.021389401197506, 51.096804507854152 ], [ -0.010930126211583, 51.096526278569549 ], [ 0.002913091028393, 51.10229560488709 ], [ 0.010556324284387, 51.102181199340457 ], [ 0.004914930900671, 51.105223464684151 ], [ 0.009477824112592, 51.11039555439536 ], [ 0.018533793731252, 51.103595553894536 ], [ 0.025487597857509, 51.109057251281122 ], [ 0.044509670030967, 51.110650415086113 ], [ 0.028120153180778, 51.117715186966848 ], [ 0.025469153583742, 51.12732637400385 ], [ 0.027332864493487, 51.139851473743214 ], [ 0.049989510765227, 51.142653377925448 ], [ 0.078161114243436, 51.139949148319715 ], [ 0.125906253820647, 51.14694918813899 ], [ 0.13598956862195, 51.147017263212128 ], [ 0.160940669928213, 51.14063756859526 ] ] ] } },
{ "type": "Feature", "properties": { "lta": "Hampshire", "name": "Hampshire", "id": "Hampshire" }, "geometry": { "type": "MultiPolygon", "coordinates": [ [ [ [ -1.075374014671256, 51.379523970280651 ], [ -1.080041881287854, 51.374603281776054 ], [ -1.072531073964387, 51.375275759845216 ], [ -1.065793992900888, 51.372320741180026 ], [ -1.051533819879134, 51.36262601559465 ], [ -1.050100695633681, 51.358108721872483 ], [ -1.011142356617776, 51.359169131241629 ], [ -1.000242727983995, 51.362667197876256 ], [ -0.986143800901804, 51.362847304646969 ], [ -0.986759923070272, 51.359854663944368 ], [ -0.939173050122392, 51.363170631725104 ], [ -0.936009157053141, 51.366316118478849 ], [ -0.917767251310658, 51.364555694890178 ], [ -0.91509492745296, 51.360785175635989 ], [ -0.874010686707895, 51.352371166447305 ], [ -0.868097908213621, 51.354748740442297 ], [ -0.847788927626385, 51.352476637901567 ], [ -0.828141185406155, 51.352863658562669 ], [ -0.819065597275546, 51.34882945802233 ], [ -0.814096560047934, 51.341564885636423 ], [ -0.794945699092969, 51.340959457911971 ], [ -0.784667919667856, 51.338232021658001 ], [ -0.767110868629455, 51.326224816958501 ], [ -0.762920664797069, 51.31873058333322 ], [ -0.745670819078823, 51.310033311709859 ], [ -0.733366284834842, 51.281791955312968 ], [ -0.731087532592001, 51.280347891157895 ], [ -0.73331925123391, 51.259723483667962 ], [ -0.730508419495206, 51.254901956989542 ], [ -0.738103790242704, 51.241743788386039 ], [ -0.735804056309863, 51.237682301407837 ], [ -0.745557990355819, 51.230458507696774 ], [ -0.767711816282781, 51.236073285381835 ], [ -0.775922369612992, 51.241936701553911 ], [ -0.786918041241752, 51.241866860249125 ], [ -0.80175731380945, 51.239040497391528 ], [ -0.804767039951877, 51.245066413380073 ], [ -0.820795262348035, 51.23927247220675 ], [ -0.820814772469201, 51.235449971908579 ], [ -0.826650099305801, 51.234368445939644 ], [ -0.829116468797994, 51.225406645568931 ], [ -0.848946497731981, 51.210734822877278 ], [ -0.845548535916307, 51.200136602945022 ], [ -0.827256117763333, 51.184667999118666 ], [ -0.826573390016173, 51.17856768701548 ], [ -0.8342000804742, 51.147604272166127 ], [ -0.828368524943552, 51.145284421271043 ], [ -0.817385756517049, 51.147760394718027 ], [ -0.804718638892405, 51.155358026726709 ], [ -0.794414399964151, 51.149762958655344 ], [ -0.7911214834004, 51.139239568618493 ], [ -0.7810716164732, 51.135221938051139 ], [ -0.78089724050584, 51.128101005312445 ], [ -0.769190290224989, 51.117093046472043 ], [ -0.745514747320292, 51.112209352123109 ], [ -0.744607576432703, 51.106461938676752 ], [ -0.749292289975614, 51.103251038373209 ], [ -0.759495927008472, 51.104864102476 ], [ -0.768905846311589, 51.103255006135726 ], [ -0.759834180703181, 51.103912688320207 ], [ -0.755319811356472, 51.094810291836772 ], [ -0.75891973377902, 51.090852177528035 ], [ -0.753494505560391, 51.086458795416043 ], [ -0.780820911919468, 51.079357200636757 ], [ -0.79780008433622, 51.063551475842033 ], [ -0.811608570351735, 51.06295167397662 ], [ -0.814489744094103, 51.066676500422297 ], [ -0.817381643090097, 51.061209820201107 ], [ -0.826409333531109, 51.061347467741257 ], [ -0.829071583880683, 51.067785656862881 ], [ -0.837349866855724, 51.069198202073579 ], [ -0.843688899010609, 51.066284093656797 ], [ -0.850130402623408, 51.059341492629507 ], [ -0.852828715081363, 51.044848679433535 ], [ -0.882674386204273, 51.026867648628922 ], [ -0.894522833153377, 51.02350110712149 ], [ -0.898524958049436, 51.017673023289632 ], [ -0.89336419274333, 51.00274879570015 ], [ -0.899706354653082, 51.001259250389268 ], [ -0.905641024221187, 50.996811824900099 ], [ -0.917709641124644, 50.978670791893734 ], [ -0.915542533044238, 50.970619360525873 ], [ -0.929290581676121, 50.958354382523297 ], [ -0.926537028205158, 50.952534212206515 ], [ -0.931864239731939, 50.945587697548504 ], [ -0.942127063891813, 50.942901455400914 ], [ -0.9353358117948, 50.941110511557568 ], [ -0.924030331876777, 50.924206771304107 ], [ -0.940261885473288, 50.918062112474807 ], [ -0.957600917694296, 50.890615741944529 ], [ -0.926465673166704, 50.864101182953341 ], [ -0.932796566729599, 50.853242371098212 ], [ -0.932217626663884, 50.843438846389816 ], [ -0.937585815808925, 50.844420581478495 ], [ -0.940027335739305, 50.841917604440077 ], [ -0.951245934415341, 50.844026129147437 ], [ -0.956201398710233, 50.839703643107022 ], [ -0.974473800778153, 50.842313466244626 ], [ -0.981436261364168, 50.834938282964053 ], [ -0.983393630866225, 50.838248529440236 ], [ -0.987578754096017, 50.839962950689454 ], [ -0.985991580214206, 50.837833145319784 ], [ -0.989660650785527, 50.837668965783969 ], [ -1.00120478458759, 50.84367835242417 ], [ -0.996665534379463, 50.846649291930426 ], [ -1.000924636884496, 50.844891736527721 ], [ -1.000798376431057, 50.851401429561022 ], [ -1.00276409795578, 50.843024382934694 ], [ -1.019924946176496, 50.843207546255854 ], [ -1.02064075223531, 50.839068762726647 ], [ -1.021175917483353, 50.838315814002854 ], [ -1.025154686940746, 50.847738266353524 ], [ -1.022644137042203, 50.852082817761072 ], [ -1.054097127083625, 50.856540145518032 ], [ -1.054362259325652, 50.855096576389791 ], [ -1.066201375488298, 50.858483796625308 ], [ -1.075542626431565, 50.856388205500224 ], [ -1.090791799313908, 50.858591148853051 ], [ -1.115797624200525, 50.858283106924212 ], [ -1.1181461265818, 50.844216175536047 ], [ -1.113020154945138, 50.836201225028198 ], [ -1.152346480772653, 50.841136917363478 ], [ -1.153850155808576, 50.844816638754928 ], [ -1.172684028843715, 50.840659141161076 ], [ -1.176733786448093, 50.847970016884709 ], [ -1.169272315295591, 50.848272356776462 ], [ -1.166999998420322, 50.852954819488154 ], [ -1.169372859341068, 50.84957429776032 ], [ -1.178978474323689, 50.84884419254071 ], [ -1.175761446822639, 50.842120585540783 ], [ -1.179386617607924, 50.837450390752423 ], [ -1.176160995471406, 50.839277499034296 ], [ -1.166464927969766, 50.837697647921061 ], [ -1.166517792097152, 50.834726856694367 ], [ -1.158532167303615, 50.838708179818596 ], [ -1.150126382759353, 50.832360839961765 ], [ -1.150270199266473, 50.82677885117549 ], [ -1.157140510186401, 50.823402485417418 ], [ -1.145792444740452, 50.825982724337607 ], [ -1.140956395016418, 50.816316898972723 ], [ -1.123827946212546, 50.80618244160123 ], [ -1.136077623243557, 50.804537307283312 ], [ -1.134460118386339, 50.802127565722877 ], [ -1.123751295192525, 50.804136951741505 ], [ -1.122328358460192, 50.800015606591394 ], [ -1.116585422471518, 50.79573220969769 ], [ -1.118697824880796, 50.791223956359062 ], [ -1.128293859815042, 50.791780711285433 ], [ -1.126959667539819, 50.789295928139012 ], [ -1.130697048665524, 50.788807644560229 ], [ -1.136235535451396, 50.790351430145137 ], [ -1.131816453968736, 50.787269249930169 ], [ -1.138642840015723, 50.785198293278555 ], [ -1.132985418739043, 50.785125058207591 ], [ -1.124371845296589, 50.789606569380808 ], [ -1.116428647387859, 50.788018819633407 ], [ -1.113111138548788, 50.791355150544305 ], [ -1.11226033451869, 50.78928339682426 ], [ -1.138129498619557, 50.773893216681749 ], [ -1.16138551952331, 50.78438657441 ], [ -1.17596399805196, 50.786462853582591 ], [ -1.192989930339465, 50.791815256713704 ], [ -1.214158887433669, 50.809306750644446 ], [ -1.242905739115199, 50.818320384776499 ], [ -1.246190076782102, 50.817296712561443 ], [ -1.267218608129566, 50.827379823511372 ], [ -1.30641791473721, 50.840689475854361 ], [ -1.308014894517323, 50.84526004812205 ], [ -1.303344898401731, 50.848584658311644 ], [ -1.307829803110653, 50.863434714777917 ], [ -1.305766091187141, 50.874403100036936 ], [ -1.296356263801782, 50.879265930924994 ], [ -1.302051745884001, 50.883651617957021 ], [ -1.28775128946989, 50.891746687088244 ], [ -1.287130102867281, 50.895372289147708 ], [ -1.265523696951384, 50.897757211642983 ], [ -1.256020525502338, 50.90353295851196 ], [ -1.262057940022637, 50.903745324714691 ], [ -1.262839577920773, 50.899791503483314 ], [ -1.27909112925611, 50.897274323968212 ], [ -1.280830480498246, 50.899380277653471 ], [ -1.280245878548234, 50.897173505230199 ], [ -1.289065993819206, 50.896168241009285 ], [ -1.29030040771182, 50.892318857944083 ], [ -1.294704237262038, 50.892947162232254 ], [ -1.305122225344322, 50.883082705401428 ], [ -1.300220820256553, 50.879473503758767 ], [ -1.312911560520367, 50.876454535982397 ], [ -1.314375634324504, 50.873365092563972 ], [ -1.309412042281858, 50.868768584637763 ], [ -1.313142565838432, 50.865085667820445 ], [ -1.312445690778844, 50.854783290683947 ], [ -1.317747678343792, 50.854196590462202 ], [ -1.310224686664842, 50.850674938371803 ], [ -1.312658924263439, 50.848877285808008 ], [ -1.331918151300838, 50.85711569368582 ], [ -1.364017914102163, 50.879287343135402 ], [ -1.342047899442957, 50.893710343177368 ], [ -1.321987978218678, 50.900962817442235 ], [ -1.32403403396632, 50.904419712384708 ], [ -1.327886089686437, 50.904462619932666 ], [ -1.324649907874322, 50.908447350076564 ], [ -1.329826187822395, 50.914950001536511 ], [ -1.339498818133436, 50.923722433025382 ], [ -1.353491640188571, 50.926551930166617 ], [ -1.357429782407713, 50.931789732483928 ], [ -1.352781017397964, 50.935366496309207 ], [ -1.359008389331104, 50.937966360428213 ], [ -1.354700672148108, 50.941030668256992 ], [ -1.366928523700563, 50.946876969688169 ], [ -1.390841487024334, 50.946543629392686 ], [ -1.392871217704207, 50.949390400814657 ], [ -1.401366819278857, 50.950398307217128 ], [ -1.406149529675186, 50.956135572553805 ], [ -1.409620141276712, 50.949767590182134 ], [ -1.421047474486949, 50.951685304969793 ], [ -1.423792964107822, 50.947238659319986 ], [ -1.435726022706484, 50.949000110310337 ], [ -1.441302514628209, 50.947063797464651 ], [ -1.44955473454338, 50.949919386603412 ], [ -1.451016992632578, 50.94433477131053 ], [ -1.455987874601531, 50.946012217580538 ], [ -1.464117057087372, 50.935114568053173 ], [ -1.477336758456075, 50.928469735226273 ], [ -1.478799141396092, 50.925409238417132 ], [ -1.479271402544446, 50.926610573491885 ], [ -1.482739391406774, 50.924885083779863 ], [ -1.476854377391264, 50.920728659320325 ], [ -1.47407791730735, 50.911714724734786 ], [ -1.479047468399675, 50.916455309348812 ], [ -1.478249591952648, 50.911984341146422 ], [ -1.452334698308593, 50.900357170423383 ], [ -1.441971736844137, 50.902062550033598 ], [ -1.426785276235069, 50.896729283847847 ], [ -1.42571071728556, 50.894799267156174 ], [ -1.421857794872504, 50.89503512078803 ], [ -1.420080419970629, 50.890914947323935 ], [ -1.39751047694779, 50.874777818673529 ], [ -1.400777198959274, 50.871955686850917 ], [ -1.379169958719896, 50.860147098448529 ], [ -1.38157749046204, 50.859023214686246 ], [ -1.373381200832949, 50.856985895211665 ], [ -1.376793730410987, 50.853899906651336 ], [ -1.372378644553659, 50.855258405720619 ], [ -1.352716726927824, 50.848153033343451 ], [ -1.360522627355818, 50.842921893573447 ], [ -1.351708110796681, 50.846516203859622 ], [ -1.354085431623954, 50.841920651109525 ], [ -1.350560456118478, 50.846310163009299 ], [ -1.342150838527592, 50.844347659075623 ], [ -1.334577324561422, 50.837467639363958 ], [ -1.340346373171087, 50.834413201564836 ], [ -1.339256630853498, 50.826506172332465 ], [ -1.326065609045216, 50.82756023535066 ], [ -1.328399499823966, 50.823922667369601 ], [ -1.323925385360611, 50.827328078680644 ], [ -1.322201277575861, 50.822411538848513 ], [ -1.327523406685455, 50.823931110631591 ], [ -1.321568260599541, 50.820606136496167 ], [ -1.325989199689844, 50.816496139491839 ], [ -1.317375594061075, 50.817938258690546 ], [ -1.316985215340473, 50.819685917828323 ], [ -1.312625100541334, 50.818918134761383 ], [ -1.310647744948573, 50.816932630078007 ], [ -1.313992339403512, 50.81585702759206 ], [ -1.31151637438772, 50.813471057526172 ], [ -1.307207740450866, 50.819120773374088 ], [ -1.308593195377337, 50.814855770050549 ], [ -1.327805817845737, 50.802966376227133 ], [ -1.342380137687539, 50.785941160705164 ], [ -1.352554057796127, 50.784015739712821 ], [ -1.388351053463994, 50.785920149549938 ], [ -1.403525887067065, 50.783439397409516 ], [ -1.407396130129557, 50.785302605781631 ], [ -1.400529769386132, 50.784346689813347 ], [ -1.408730872949594, 50.786666345425907 ], [ -1.405067672689057, 50.791388680236039 ], [ -1.409013450211285, 50.80070982577702 ], [ -1.414086169628006, 50.802666112170783 ], [ -1.412148319431515, 50.804879340704403 ], [ -1.42007967300783, 50.800309413387254 ], [ -1.419148698591601, 50.807074430608154 ], [ -1.426494028299512, 50.807581067234558 ], [ -1.429151528359509, 50.811135400305027 ], [ -1.435992798379354, 50.80995104697837 ], [ -1.438163694901953, 50.815448798378178 ], [ -1.448663549430582, 50.820147156339949 ], [ -1.451238848578062, 50.819166488876192 ], [ -1.447097100247174, 50.818636175832744 ], [ -1.445617754834073, 50.813611285416613 ], [ -1.439452178469, 50.81405305920282 ], [ -1.439950762733766, 50.810345097972089 ], [ -1.420373264243476, 50.80571276878284 ], [ -1.422853809432133, 50.799966150785259 ], [ -1.412342872412127, 50.80011244006333 ], [ -1.409697420181108, 50.790451749847684 ], [ -1.412980725489097, 50.783960388192511 ], [ -1.398027318766547, 50.776291658863506 ], [ -1.392394008783008, 50.776939608821607 ], [ -1.418825169230157, 50.766633665104152 ], [ -1.462109561500693, 50.760825168856861 ], [ -1.464953154116894, 50.764853478389519 ], [ -1.467500405724732, 50.759807439341479 ], [ -1.513795011939742, 50.753240003860803 ], [ -1.535354369911941, 50.759469877933348 ], [ -1.533522212684128, 50.762502080061893 ], [ -1.536835122397599, 50.763101334541609 ], [ -1.53667352286918, 50.758970625127944 ], [ -1.527578377402351, 50.753217510439946 ], [ -1.531668803546169, 50.748741268833683 ], [ -1.525875314198572, 50.749482236601082 ], [ -1.525933762835203, 50.744531061967123 ], [ -1.530660081143662, 50.742450412933017 ], [ -1.537335791383631, 50.745135295802356 ], [ -1.535245534042892, 50.741814129470299 ], [ -1.54136051763586, 50.739912888570281 ], [ -1.533427006264012, 50.74141022752562 ], [ -1.531082666606379, 50.737027672084857 ], [ -1.545544576069023, 50.727020260537614 ], [ -1.552523912319197, 50.727734322820012 ], [ -1.554595356540017, 50.723388893063749 ], [ -1.560386786661824, 50.72110776293497 ], [ -1.567441108395411, 50.722489053404857 ], [ -1.564976465402085, 50.720978428407903 ], [ -1.571105968654801, 50.718195391202016 ], [ -1.579551153237779, 50.717732423549307 ], [ -1.553451717370577, 50.706607950822907 ], [ -1.554659129808323, 50.713239542456009 ], [ -1.548547848725171, 50.708124518275369 ], [ -1.551165026591413, 50.706109165813572 ], [ -1.55521327869328, 50.706136534503266 ], [ -1.583706129505231, 50.718978395821061 ], [ -1.64714740710667, 50.733274673444996 ], [ -1.691754985410026, 50.737292367451616 ], [ -1.684652256750383, 50.743830499613864 ], [ -1.681825698285276, 50.751859602507018 ], [ -1.727042239408126, 50.751025192682754 ], [ -1.744175625439247, 50.747466256051837 ], [ -1.744663223240667, 50.756084033001891 ], [ -1.738966716489616, 50.763281728409204 ], [ -1.748765638420166, 50.779460205888718 ], [ -1.770124489972278, 50.772560128600972 ], [ -1.768888728973547, 50.769794332619945 ], [ -1.783432122183784, 50.764660398982976 ], [ -1.788284094153937, 50.766880576641825 ], [ -1.787875478535286, 50.778866059193696 ], [ -1.797530030079929, 50.783847120345193 ], [ -1.800972543136729, 50.791895134004214 ], [ -1.805974463328272, 50.792031207367557 ], [ -1.800875099953237, 50.794128712125747 ], [ -1.803912183043311, 50.795975539459171 ], [ -1.801380639887065, 50.799724762300656 ], [ -1.809742705868894, 50.804966892465231 ], [ -1.811839346552664, 50.808739963188081 ], [ -1.802880698879177, 50.813521878840234 ], [ -1.807280811044528, 50.816309634575987 ], [ -1.801763342580624, 50.820985519305161 ], [ -1.803642002079014, 50.83003338511373 ], [ -1.794443739928232, 50.83103909162832 ], [ -1.796662028845178, 50.833230853940393 ], [ -1.79062178169239, 50.83632351078775 ], [ -1.803365482064595, 50.844485665045632 ], [ -1.799949703663453, 50.848458174038335 ], [ -1.80550452024057, 50.851999774188087 ], [ -1.808034637761911, 50.864468445369987 ], [ -1.812797111339415, 50.864581351043384 ], [ -1.814839550623032, 50.858709802562167 ], [ -1.829525566287881, 50.855327580784305 ], [ -1.850951075138895, 50.858733552655536 ], [ -1.853546656871945, 50.86651353073831 ], [ -1.847839517647874, 50.869694952010384 ], [ -1.847984618372597, 50.882347472351185 ], [ -1.844050640349528, 50.88683766632451 ], [ -1.848562963764094, 50.889895558883175 ], [ -1.83987725331427, 50.897898067296694 ], [ -1.824960350847419, 50.895778732158632 ], [ -1.816549051829732, 50.903956110461984 ], [ -1.820414386433205, 50.912113716529952 ], [ -1.812791190519137, 50.927527263669305 ], [ -1.826307932017726, 50.926877302411413 ], [ -1.841847636014067, 50.931687753343951 ], [ -1.854192232863782, 50.927518778846704 ], [ -1.863495874222103, 50.919396403367088 ], [ -1.873651995091531, 50.917233449302863 ], [ -1.878810304526829, 50.924333018711479 ], [ -1.909191087717886, 50.945333383719728 ], [ -1.92099372257348, 50.961501978731015 ], [ -1.929896449172271, 50.96780224334136 ], [ -1.93922752671826, 50.969663465374076 ], [ -1.94483722365316, 50.975754875045418 ], [ -1.955473121498466, 50.978272729347147 ], [ -1.956837636400341, 50.989806757041968 ], [ -1.949943542546079, 50.982317034923483 ], [ -1.92788357141032, 50.997703884003329 ], [ -1.886749164124867, 50.999534546168448 ], [ -1.87448962406343, 51.006337291242822 ], [ -1.873919035447099, 50.984507398756023 ], [ -1.852812424279534, 51.005034254975406 ], [ -1.835825707292598, 51.009479712874075 ], [ -1.815430221333882, 50.985929351167961 ], [ -1.807592122656174, 50.992052187401924 ], [ -1.800322637341788, 50.991401558129795 ], [ -1.74711035328537, 50.977948634490609 ], [ -1.719579986490119, 50.9767938544868 ], [ -1.697660370706588, 50.960440136818015 ], [ -1.676890891170515, 50.949674713460759 ], [ -1.661669423078067, 50.945285628442115 ], [ -1.646385922139005, 50.949473047311194 ], [ -1.634975186029266, 50.95924958512893 ], [ -1.623409531359188, 50.954644742882941 ], [ -1.60294093190823, 50.978511185313089 ], [ -1.614436652031749, 50.979488193817595 ], [ -1.619741803644532, 50.983041885287662 ], [ -1.618969597370212, 50.987406931485545 ], [ -1.625224002293691, 50.990337528540877 ], [ -1.628815829629952, 50.999101189878935 ], [ -1.617242404843213, 51.004188544548306 ], [ -1.606089510323466, 51.001904347118504 ], [ -1.614921799532653, 51.006645068654855 ], [ -1.609115252293833, 51.009860679590339 ], [ -1.605251383339635, 51.007046517473299 ], [ -1.597587847916159, 51.008033552331675 ], [ -1.605329924585527, 51.017045369115017 ], [ -1.600590882639275, 51.022178752896195 ], [ -1.619469044022307, 51.033065437271695 ], [ -1.632387464714853, 51.03278573744636 ], [ -1.634988460012487, 51.040852689917706 ], [ -1.627818586142605, 51.078161507098358 ], [ -1.637325794078114, 51.092207957746325 ], [ -1.627113048783332, 51.102762915555815 ], [ -1.630806687196865, 51.112892009415958 ], [ -1.6263525947361, 51.117342359727118 ], [ -1.640670903092183, 51.125417941468278 ], [ -1.662986840910316, 51.127197404237904 ], [ -1.654707051864194, 51.152057976963583 ], [ -1.65705177890375, 51.159311428588644 ], [ -1.672282860824393, 51.178551217996926 ], [ -1.66883213500961, 51.190763862260958 ], [ -1.692804171322097, 51.203054195194333 ], [ -1.689799821156023, 51.214772728015888 ], [ -1.666783179393952, 51.217448388619182 ], [ -1.653507917542498, 51.22047164552157 ], [ -1.63363242581918, 51.217594619983473 ], [ -1.619426047216159, 51.241208599516035 ], [ -1.610404479270287, 51.242983244672807 ], [ -1.60760216598797, 51.252795933920517 ], [ -1.600237963944483, 51.251441630881494 ], [ -1.600197692394362, 51.253527851851764 ], [ -1.577583351655764, 51.255583146128792 ], [ -1.548340513309494, 51.247514177498068 ], [ -1.54426555856464, 51.245114325928178 ], [ -1.536033308056305, 51.24855873038814 ], [ -1.529830020778095, 51.260805340379697 ], [ -1.530562225586703, 51.262648019091678 ], [ -1.540610782636874, 51.260834717610322 ], [ -1.53591559382817, 51.277317756432673 ], [ -1.542873844274195, 51.280118654713235 ], [ -1.534469185534292, 51.287124209953753 ], [ -1.52279021520571, 51.287066432941614 ], [ -1.52423071977109, 51.293166251339485 ], [ -1.519433749863679, 51.296084491715561 ], [ -1.528012375146606, 51.2998315542104 ], [ -1.525948153636387, 51.306072783804552 ], [ -1.527770867779629, 51.312892323398472 ], [ -1.533575143645232, 51.316226306777835 ], [ -1.527521826332599, 51.338446611758741 ], [ -1.516242292399048, 51.339354628832076 ], [ -1.498301366561719, 51.329364330633318 ], [ -1.429721732578993, 51.336546461134937 ], [ -1.444894378517995, 51.348100083793092 ], [ -1.44413180166425, 51.354916206741002 ], [ -1.428371516627646, 51.356769144532585 ], [ -1.415482717790386, 51.371991149230531 ], [ -1.352897532345979, 51.367264183431949 ], [ -1.316737936819247, 51.372913326949231 ], [ -1.273429414190626, 51.367521531195955 ], [ -1.251159239878077, 51.37204094910367 ], [ -1.241598313080496, 51.366221941949057 ], [ -1.222607660829105, 51.369754539530369 ], [ -1.221045496028075, 51.367589708519333 ], [ -1.189301169271038, 51.36332269134428 ], [ -1.176913754485027, 51.357324171762855 ], [ -1.169641276102251, 51.360725755710291 ], [ -1.144150118864858, 51.357263067384395 ], [ -1.115810356377693, 51.360466018923177 ], [ -1.115476660025376, 51.374214749606445 ], [ -1.097536889980645, 51.38172565715886 ], [ -1.086660207387189, 51.383910896769933 ], [ -1.075374014671256, 51.379523970280651 ] ] ], [ [ [ -0.969118540855995, 50.834543292718671 ], [ -0.970295748435761, 50.830736247609963 ], [ -0.963658544780232, 50.833443684223738 ], [ -0.957294352611324, 50.831319554107459 ], [ -0.951041707966402, 50.823989244476017 ], [ -0.957618367131041, 50.815808948817335 ], [ -0.95707280558398, 50.80735351534824 ], [ -0.961224663707924, 50.811361794371408 ], [ -0.971067934040973, 50.810653103495241 ], [ -0.961739119006902, 50.809282719511621 ], [ -0.965184997105084, 50.806531824526438 ], [ -0.973403500963501, 50.808807657798958 ], [ -0.968986520777903, 50.802751647270263 ], [ -0.958623154277528, 50.804711795153501 ], [ -0.952760855572145, 50.801078378440103 ], [ -0.957079752068428, 50.799135025472438 ], [ -0.955500361163707, 50.793724296328129 ], [ -0.962751172733845, 50.7894688023257 ], [ -0.967877385102103, 50.790159940455162 ], [ -0.967354556439594, 50.787163436107114 ], [ -0.95756837725369, 50.789798517300746 ], [ -0.951323770956674, 50.786917000733489 ], [ -0.951210792434612, 50.784228038893275 ], [ -0.961438790379858, 50.782235855697465 ], [ -0.949287741577359, 50.783131569734486 ], [ -0.943222040327445, 50.786723395262676 ], [ -0.937028080017569, 50.782543011602087 ], [ -0.936824625063264, 50.786821746799518 ], [ -0.936486102651574, 50.778164824629847 ], [ -0.946471898951594, 50.777137572040381 ], [ -0.978717045984649, 50.782636507207364 ], [ -1.020200816993181, 50.785646993972506 ], [ -1.02534603762931, 50.795409534750888 ], [ -1.019904156384416, 50.795770491455194 ], [ -1.02196278412745, 50.793805706626692 ], [ -1.017609554173128, 50.79246248498653 ], [ -1.017331132797055, 50.795188578500778 ], [ -1.005879643549554, 50.793298390243308 ], [ -0.994911729485876, 50.798146885255136 ], [ -0.983347249341136, 50.820769741831917 ], [ -0.986810321735177, 50.826912265798718 ], [ -0.977816205595179, 50.833009458353814 ], [ -0.969118540855995, 50.834543292718671 ] ] ], [ [ [ -1.005332007470162, 50.833803575403621 ], [ -1.002395461966143, 50.829334283125768 ], [ -1.008985984571291, 50.833326529683902 ], [ -1.005332007470162, 50.833803575403621 ] ] ], [ [ [ -1.018499385613385, 50.838175851100203 ], [ -1.010261972626537, 50.834967780047606 ], [ -1.016971136006882, 50.836896775083517 ], [ -1.024250786264709, 50.833014533463384 ], [ -1.021729641731131, 50.837361252434569 ], [ -1.018499385613385, 50.838175851100203 ] ] ] ] } },
{ "type": "Feature", "properties": { "lta": "Kent", "name": "Kent", "id": "Kent" }, "geometry": { "type": "MultiPolygon", "coordinates": [ [ [ [ 0.239642069578099, 51.468584169656303 ], [ 0.276491227633043, 51.453569020476344 ], [ 0.294236903562646, 51.455877761946283 ], [ 0.307276241777909, 51.464792123608071 ], [ 0.311015506069654, 51.463741800038534 ], [ 0.309918248674014, 51.466959638850824 ], [ 0.315289572700186, 51.464980005242879 ], [ 0.328453516515323, 51.450844007567831 ], [ 0.32513444113562, 51.450335275451323 ], [ 0.355864771311846, 51.445599052212586 ], [ 0.406535170333905, 51.443296025390168 ], [ 0.443213983140993, 51.449498302545031 ], [ 0.45848037863301, 51.455241906437791 ], [ 0.466939045641205, 51.454635253704261 ], [ 0.475735992138385, 51.44676672261236 ], [ 0.487931374037514, 51.443284323967013 ], [ 0.490944498122047, 51.438676777420724 ], [ 0.486328149094665, 51.436025590123194 ], [ 0.491167859634384, 51.424775361362222 ], [ 0.489207120441741, 51.415326245841491 ], [ 0.475111810293761, 51.412947478584464 ], [ 0.477587438232043, 51.407186116176362 ], [ 0.468182408126344, 51.403171244625888 ], [ 0.467687033786156, 51.398537439172713 ], [ 0.451824540289017, 51.398320992308669 ], [ 0.456680483195116, 51.394285569312871 ], [ 0.447115154066656, 51.388958377622487 ], [ 0.43108060272703, 51.388033181492823 ], [ 0.424936841665998, 51.376581488353686 ], [ 0.419541749074003, 51.375617471667873 ], [ 0.401254245937174, 51.352955361862598 ], [ 0.399890796195191, 51.344457556359828 ], [ 0.406685501337446, 51.347762592491577 ], [ 0.41856576624702, 51.347912701107354 ], [ 0.454060870333699, 51.340867954514451 ], [ 0.448583926783859, 51.347998417036038 ], [ 0.456647212314299, 51.352149134663264 ], [ 0.449269048687672, 51.364154339145699 ], [ 0.456204674081194, 51.368763028236152 ], [ 0.479628987779357, 51.357443055273073 ], [ 0.494040694030408, 51.352654641668821 ], [ 0.503062578348222, 51.354667362477542 ], [ 0.50581246341935, 51.342942986471925 ], [ 0.519302360333046, 51.339935611265581 ], [ 0.525611934496254, 51.334717396193327 ], [ 0.532857114366051, 51.33715334369878 ], [ 0.543974924147177, 51.32789651087343 ], [ 0.563428544670785, 51.338743069494626 ], [ 0.601374840589689, 51.333301359309544 ], [ 0.60384963273081, 51.336257398837112 ], [ 0.610920285311504, 51.336474052835975 ], [ 0.634879154071713, 51.366369552314261 ], [ 0.623263664666184, 51.369222304066383 ], [ 0.625049747098143, 51.375276788302713 ], [ 0.626898198005333, 51.374730483619132 ], [ 0.640874749258022, 51.387537125514619 ], [ 0.639910779345554, 51.395085718442488 ], [ 0.647989018583164, 51.397599732700613 ], [ 0.65961785391838, 51.391833832236699 ], [ 0.660287346347072, 51.383898726525246 ], [ 0.663176598292772, 51.385364714421407 ], [ 0.662562365658681, 51.382731769021113 ], [ 0.666827112666208, 51.383058390053868 ], [ 0.666612131872537, 51.379016036660801 ], [ 0.671670299815605, 51.37735202906412 ], [ 0.670036111137996, 51.373299872782141 ], [ 0.682499916101741, 51.380342238996583 ], [ 0.686459189859213, 51.391550422951823 ], [ 0.698132255541322, 51.394141233118788 ], [ 0.703116065971946, 51.391767066985608 ], [ 0.694715261178236, 51.384949958333124 ], [ 0.695256076540407, 51.379820907998393 ], [ 0.713511202252369, 51.383948460884291 ], [ 0.719157853221902, 51.388180430968248 ], [ 0.705572499394779, 51.394563188350922 ], [ 0.706449233880018, 51.398017246594698 ], [ 0.705115758291751, 51.395009004050166 ], [ 0.70175076912325, 51.395726172830301 ], [ 0.704554885900486, 51.398514301958535 ], [ 0.700318852789931, 51.398776618413422 ], [ 0.69586451334758, 51.407281258465375 ], [ 0.700286291141263, 51.409304427441882 ], [ 0.69769688974933, 51.415150920769271 ], [ 0.698907808033176, 51.421398006237261 ], [ 0.707973953367853, 51.419755171847655 ], [ 0.727947779614264, 51.423587212853192 ], [ 0.729652502113984, 51.420955493800371 ], [ 0.714673853700226, 51.419772794505356 ], [ 0.728690601139697, 51.420239490211081 ], [ 0.732238093666851, 51.415011415723328 ], [ 0.723693551133123, 51.417364431140435 ], [ 0.71682938181226, 51.414086380514391 ], [ 0.726749605240058, 51.398918836998504 ], [ 0.735869599617493, 51.394272187862214 ], [ 0.736571984356388, 51.396115722508064 ], [ 0.74276347631754, 51.394372687180756 ], [ 0.758480062193087, 51.383264836824054 ], [ 0.762795263147246, 51.384391693903162 ], [ 0.75947587734954, 51.370695706218825 ], [ 0.764763124926561, 51.363079916154803 ], [ 0.757000120239396, 51.360940730603275 ], [ 0.754073180112567, 51.352529203401119 ], [ 0.741292285706779, 51.345613670530483 ], [ 0.754331456399273, 51.350369957182814 ], [ 0.760138370569393, 51.360713884588975 ], [ 0.779217931787369, 51.361591200447101 ], [ 0.814294059428987, 51.358294186409232 ], [ 0.809152690730545, 51.351535379594154 ], [ 0.813454243461288, 51.349549242121277 ], [ 0.811135549510341, 51.352133562549852 ], [ 0.817140264683554, 51.356381936278154 ], [ 0.837501633266545, 51.353835078331294 ], [ 0.862728444878435, 51.356306844797061 ], [ 0.875784832515103, 51.353854348268129 ], [ 0.897599467656224, 51.344404983804679 ], [ 0.892669378336015, 51.335414309268891 ], [ 0.894491511840954, 51.336382573614102 ], [ 0.898871912366229, 51.333963556120629 ], [ 0.909907105642417, 51.335475107813984 ], [ 0.896370621514252, 51.336168202298573 ], [ 0.896701427635392, 51.341460052730483 ], [ 0.919012183920386, 51.345714143008799 ], [ 0.997732585765291, 51.347558095023409 ], [ 1.01144656117599, 51.35173361584831 ], [ 1.024468670210518, 51.363626525329906 ], [ 1.02767220185384, 51.362940621201702 ], [ 1.025761422661931, 51.364059236683758 ], [ 1.033151852868241, 51.365590665726302 ], [ 1.054213727579068, 51.365622350669597 ], [ 1.069368339934045, 51.369340108809418 ], [ 1.095076112917007, 51.368621922369435 ], [ 1.10212239594754, 51.372460663090315 ], [ 1.166047823852713, 51.374494555414117 ], [ 1.199312355634674, 51.379850557539477 ], [ 1.280129114322244, 51.378189778013827 ], [ 1.290134235120547, 51.382776129338993 ], [ 1.331126596026633, 51.382463304068359 ], [ 1.334876658675106, 51.386351258649476 ], [ 1.345182811056489, 51.385131625475992 ], [ 1.37885898249392, 51.387784955648065 ], [ 1.378566603342617, 51.391249315849905 ], [ 1.388655417998268, 51.392825099208316 ], [ 1.402958591409408, 51.392282516559916 ], [ 1.424899299649128, 51.393781709666911 ], [ 1.442027497230493, 51.387185084973375 ], [ 1.449559851831453, 51.377489576755188 ], [ 1.436300421508837, 51.34261180815141 ], [ 1.424881957449807, 51.329890097444924 ], [ 1.424655395061799, 51.325985608921606 ], [ 1.423177117907269, 51.331369035867581 ], [ 1.418081184596611, 51.329167861777613 ], [ 1.421651204897152, 51.327653077803326 ], [ 1.414556904318549, 51.32747711171875 ], [ 1.415361095152907, 51.323864006011398 ], [ 1.411410879571498, 51.32390322248915 ], [ 1.409235512760709, 51.326871289783377 ], [ 1.37686894880784, 51.329594489244784 ], [ 1.365819206397896, 51.324974536248931 ], [ 1.361642309862707, 51.319611214076538 ], [ 1.363126086821721, 51.313564290977439 ], [ 1.360227044397087, 51.316139200712385 ], [ 1.362431477576054, 51.313369273536132 ], [ 1.358173774209639, 51.314441451657601 ], [ 1.356160513355814, 51.309319786262769 ], [ 1.367572567660128, 51.313386004045107 ], [ 1.402734741068996, 51.237159898006468 ], [ 1.405638271568474, 51.189401234454955 ], [ 1.401034183889719, 51.165173321408503 ], [ 1.379548063391207, 51.142171329378627 ], [ 1.343572416354659, 51.131368570512535 ], [ 1.34332523729977, 51.122052088390731 ], [ 1.342688121049613, 51.126882734099851 ], [ 1.338462338164839, 51.127422831007138 ], [ 1.336919315229311, 51.124573483765396 ], [ 1.333704105858842, 51.12621600737409 ], [ 1.335734224437026, 51.123913724772358 ], [ 1.328943876191917, 51.123247295370518 ], [ 1.326672545868543, 51.125589645731978 ], [ 1.317275809704018, 51.123202719375954 ], [ 1.312970470294922, 51.119181908352509 ], [ 1.320029580189761, 51.117623402537134 ], [ 1.322956940848096, 51.11412360497819 ], [ 1.311217990763275, 51.119337769564737 ], [ 1.310079535384673, 51.116789345492855 ], [ 1.31559727883123, 51.115102614668409 ], [ 1.314105260171727, 51.11443085397223 ], [ 1.324788533417842, 51.111999559151791 ], [ 1.312672763943342, 51.114403998785249 ], [ 1.301648093379709, 51.113312870578177 ], [ 1.27857388275748, 51.105422615891264 ], [ 1.263928519612934, 51.102260272531566 ], [ 1.221042539413597, 51.098083841926645 ], [ 1.205780213265295, 51.092774748996412 ], [ 1.199260920121901, 51.083217256280122 ], [ 1.185473477736794, 51.079418125152209 ], [ 1.194845188987737, 51.075967553906828 ], [ 1.177559505635995, 51.075948902970033 ], [ 1.162980139128266, 51.072840187148778 ], [ 1.124658425556855, 51.07095230260353 ], [ 1.075564503333855, 51.063481335378448 ], [ 1.034597369461454, 51.047105774153025 ], [ 0.997313045730606, 51.025078061991586 ], [ 0.976971009778421, 51.002610622142321 ], [ 0.964104902046212, 50.968080623475721 ], [ 0.966250328949297, 50.951766222614935 ], [ 0.980994874328044, 50.918156398786707 ], [ 0.97837059526691, 50.912873456214726 ], [ 0.939939333550176, 50.912343765777578 ], [ 0.854418308263437, 50.923766860337658 ], [ 0.867855895804437, 50.933263491266658 ], [ 0.859594097505546, 50.939681548727464 ], [ 0.855932830720317, 50.953130053083427 ], [ 0.84607769859335, 50.951855182905824 ], [ 0.841366648693144, 50.95761047472751 ], [ 0.829834398751212, 50.94566701526184 ], [ 0.819033831414113, 50.945457035436384 ], [ 0.812908003489194, 50.94200166358327 ], [ 0.813429707459563, 50.949012900640248 ], [ 0.784294614735095, 50.977232029471608 ], [ 0.777101927499333, 50.975430806529921 ], [ 0.781669386385186, 50.982888283695708 ], [ 0.776993503655367, 50.984857772597017 ], [ 0.781020488125268, 50.986501484403739 ], [ 0.778923467941625, 50.989494367116727 ], [ 0.741061908718743, 51.000646621926158 ], [ 0.711223562132789, 50.998474988835383 ], [ 0.706739480701687, 50.993605146466493 ], [ 0.69918890224861, 50.99849385912799 ], [ 0.682207603395573, 51.000550885061244 ], [ 0.662093376659985, 51.017463565310059 ], [ 0.65468758672726, 51.014694454275983 ], [ 0.646739551119405, 51.016859100388757 ], [ 0.637132938375632, 51.011879537778334 ], [ 0.627546811063865, 51.017841110962351 ], [ 0.570771376440695, 51.003485240016204 ], [ 0.563667222158072, 51.007409313338002 ], [ 0.542077141047863, 51.010913173084006 ], [ 0.537538970375085, 51.021641928640513 ], [ 0.50840592933184, 51.024129852367942 ], [ 0.496509690297427, 51.030564938742813 ], [ 0.478042158160914, 51.029046073219767 ], [ 0.46795309396682, 51.032638425304988 ], [ 0.466061580968592, 51.042739197109455 ], [ 0.471372387041027, 51.049080137981001 ], [ 0.453626263203886, 51.056930721411604 ], [ 0.44073350681205, 51.057884126626135 ], [ 0.425544772539714, 51.064069216762221 ], [ 0.418238963092512, 51.062629652325988 ], [ 0.417749782656045, 51.067895694493338 ], [ 0.411283420568295, 51.065889675364097 ], [ 0.408977569532865, 51.069395352701193 ], [ 0.400885092614047, 51.071183566709379 ], [ 0.406620542081988, 51.079705337596145 ], [ 0.396468586544396, 51.083134280744687 ], [ 0.390836234236982, 51.081297824943675 ], [ 0.391672199400646, 51.085789467060636 ], [ 0.373813251459791, 51.088463096904142 ], [ 0.364723823835759, 51.088227364751631 ], [ 0.356708381937106, 51.083028312152457 ], [ 0.350804079606353, 51.084058564396173 ], [ 0.353908663051787, 51.093665102833555 ], [ 0.350759926359494, 51.099136379531416 ], [ 0.358949031490896, 51.104533077464573 ], [ 0.335050106368999, 51.105468320453994 ], [ 0.324430335751596, 51.112307760806154 ], [ 0.330056778515405, 51.117787078452025 ], [ 0.325239884070011, 51.122894364574208 ], [ 0.298710809121243, 51.118159377015822 ], [ 0.279582035013764, 51.117848838390955 ], [ 0.274847589998474, 51.120653881754734 ], [ 0.272112881647152, 51.118836948699112 ], [ 0.278914858662822, 51.114678907748505 ], [ 0.275585731046933, 51.112300692004396 ], [ 0.266237499903376, 51.115100784265039 ], [ 0.24321732867718, 51.115278584026939 ], [ 0.227418254636065, 51.124243256164085 ], [ 0.199607253184078, 51.116942972309637 ], [ 0.162578927606175, 51.11640892060263 ], [ 0.153487556024183, 51.120506860720631 ], [ 0.149999719495677, 51.131192778293787 ], [ 0.1545800549039, 51.137531708394249 ], [ 0.160691786853825, 51.137331779023803 ], [ 0.160940669928213, 51.14063756859526 ], [ 0.13598956862195, 51.147017263212128 ], [ 0.125906253820647, 51.14694918813899 ], [ 0.078161114243436, 51.139949148319715 ], [ 0.049989510765227, 51.142653377925448 ], [ 0.054778409905043, 51.149531873787915 ], [ 0.046149171327009, 51.17183439472781 ], [ 0.052573760278018, 51.18062685300545 ], [ 0.045140885593534, 51.188617981817266 ], [ 0.047796752674571, 51.191744298623043 ], [ 0.039655656851253, 51.19782472010435 ], [ 0.033572629018207, 51.214340366415556 ], [ 0.041122316318498, 51.216626280041254 ], [ 0.043783135938755, 51.230889633051618 ], [ 0.052833307293901, 51.236529121191595 ], [ 0.057581166643653, 51.244916350265832 ], [ 0.045369481910889, 51.276661894112117 ], [ 0.048143892839169, 51.285654112187423 ], [ 0.042369084723476, 51.292674240080089 ], [ 0.050762376686813, 51.293988012616659 ], [ 0.058482843571886, 51.289355032616804 ], [ 0.081552657267568, 51.291836557789459 ], [ 0.0911569287912, 51.296828370528893 ], [ 0.082788063071778, 51.305634229670666 ], [ 0.085000755805112, 51.316023262388036 ], [ 0.104873928716166, 51.327412599566557 ], [ 0.117872616916931, 51.329646826101708 ], [ 0.121656947292261, 51.333636011293926 ], [ 0.116653861413157, 51.341302289442467 ], [ 0.119157725345821, 51.344256157903231 ], [ 0.136930971438966, 51.344174222614093 ], [ 0.141260269117773, 51.349778762255859 ], [ 0.147253460457893, 51.367014036246573 ], [ 0.151593013120245, 51.368378637147686 ], [ 0.14957385657953, 51.3735822675675 ], [ 0.153209862437718, 51.378036260791795 ], [ 0.147699194365433, 51.392611699618975 ], [ 0.161287103885308, 51.392369914060041 ], [ 0.148843378560717, 51.408429651984605 ], [ 0.152906402417586, 51.408708999743524 ], [ 0.15374408682831, 51.411265588358432 ], [ 0.149133903195292, 51.412435649905746 ], [ 0.154610600974751, 51.418470141355684 ], [ 0.151132841696316, 51.420430653255998 ], [ 0.155848953324825, 51.430876527517306 ], [ 0.164190911209034, 51.428546462419092 ], [ 0.17087255459972, 51.44120214925649 ], [ 0.190985221976786, 51.448787377891477 ], [ 0.192056485025909, 51.450841665428094 ], [ 0.200210607780852, 51.452557138195985 ], [ 0.202853116517114, 51.458264806516638 ], [ 0.210585655155431, 51.462480857270833 ], [ 0.211541047074434, 51.47509259596292 ], [ 0.219174115540364, 51.479609316450009 ], [ 0.239642069578099, 51.468584169656303 ] ] ], [ [ [ 0.901989494011791, 51.416486337158751 ], [ 0.911463262700244, 51.406423327853204 ], [ 0.938146689859218, 51.389824536386925 ], [ 0.950994228967454, 51.373475495643319 ], [ 0.943628300012439, 51.367480912402961 ], [ 0.943530751993507, 51.370329149937234 ], [ 0.937242496891012, 51.370550910986353 ], [ 0.921332830142023, 51.359837487391111 ], [ 0.897137341235884, 51.354332549342516 ], [ 0.88104300218532, 51.357781417029685 ], [ 0.874518465033635, 51.363794321527124 ], [ 0.8583135506413, 51.36434750400506 ], [ 0.857556858459631, 51.370329982831322 ], [ 0.856822228274282, 51.36497122947948 ], [ 0.849384614498933, 51.370647897581257 ], [ 0.839322771903864, 51.370595524069884 ], [ 0.850674148362195, 51.367096219674472 ], [ 0.850361342566523, 51.363957684143557 ], [ 0.843753630726731, 51.363560722651378 ], [ 0.806253534506153, 51.372175161884925 ], [ 0.805926876082532, 51.369794228749001 ], [ 0.796308748168141, 51.368554660396974 ], [ 0.796943425384322, 51.370691776073386 ], [ 0.791951723924793, 51.370057204767676 ], [ 0.788074832370857, 51.373389225794014 ], [ 0.780597775795194, 51.370658355457337 ], [ 0.782653150813715, 51.369009448279812 ], [ 0.773557339037248, 51.367743082399414 ], [ 0.764983467867089, 51.370789735253531 ], [ 0.765476765480349, 51.377495670972536 ], [ 0.770267157159064, 51.379238812511225 ], [ 0.764233956957627, 51.388229630833457 ], [ 0.75137977421205, 51.391123407541031 ], [ 0.750828602324841, 51.394706104329551 ], [ 0.731003488251508, 51.401371330995502 ], [ 0.721473193572072, 51.41446785110103 ], [ 0.732105307882969, 51.409023702943635 ], [ 0.740565282044051, 51.411227472954607 ], [ 0.742825075477722, 51.415193445616396 ], [ 0.736274784390519, 51.421115768491674 ], [ 0.736565019167369, 51.429789531270394 ], [ 0.74545495824325, 51.440422167689547 ], [ 0.744619132936541, 51.447289662098704 ], [ 0.769385683021748, 51.440775439584769 ], [ 0.791572800561936, 51.439266782145445 ], [ 0.815443520586444, 51.427930659499474 ], [ 0.883940940309691, 51.421312246229014 ], [ 0.901989494011791, 51.416486337158751 ] ] ], [ [ [ 0.691169759019297, 51.41167206120101 ], [ 0.694507341568475, 51.396625133995698 ], [ 0.680325795003054, 51.399945434220605 ], [ 0.672609716523066, 51.398403953394521 ], [ 0.67134908036295, 51.40706670354195 ], [ 0.665899188648918, 51.406280684037419 ], [ 0.672073747700449, 51.410171941208866 ], [ 0.677879769720497, 51.406387001086117 ], [ 0.675041452631623, 51.408708384466841 ], [ 0.682464890130155, 51.408978402759061 ], [ 0.682939794541367, 51.412643296030119 ], [ 0.691169759019297, 51.41167206120101 ] ] ], [ [ [ 0.686940567662224, 51.422272979597111 ], [ 0.687798662961457, 51.414344159227923 ], [ 0.680489606955609, 51.419238771984254 ], [ 0.676281418668788, 51.419274715612765 ], [ 0.672282204649973, 51.413474205226613 ], [ 0.668059245797763, 51.420482154890372 ], [ 0.66008450879588, 51.417585841259402 ], [ 0.666972664056497, 51.423906562079068 ], [ 0.686940567662224, 51.422272979597111 ] ] ], [ [ [ 0.682030189964962, 51.396319718473173 ], [ 0.672577941593621, 51.389770607418477 ], [ 0.670504021497018, 51.394368816007145 ], [ 0.682030189964962, 51.396319718473173 ] ] ] ] } },
{ "type": "Feature", "properties": { "lta": "Surrey", "name": "Surrey", "id": "Surrey" }, "geometry": { "type": "Polygon", "coordinates": [ [ [ -0.524377600133945, 51.471527571468584 ], [ -0.515680343937777, 51.468267848506244 ], [ -0.50982650441574, 51.469206409923082 ], [ -0.49388561131386, 51.462762789945756 ], [ -0.458744254557043, 51.456341589875692 ], [ -0.461340497660323, 51.452391233856368 ], [ -0.456495914080963, 51.438224965513726 ], [ -0.446309631827993, 51.439996769300201 ], [ -0.447737840600288, 51.435003380239266 ], [ -0.439773431176193, 51.434619778977996 ], [ -0.440004337448768, 51.430626645709957 ], [ -0.427852645613702, 51.429252216680261 ], [ -0.418605081719929, 51.432109638859558 ], [ -0.407797046629615, 51.423577949498409 ], [ -0.391338515050695, 51.422315070360945 ], [ -0.386663117648635, 51.420080511994975 ], [ -0.389670948233396, 51.410693364677286 ], [ -0.383371112855874, 51.408538440590618 ], [ -0.373881356312575, 51.408493460055404 ], [ -0.35916068233449, 51.411903196675894 ], [ -0.338259413504113, 51.400763861919025 ], [ -0.325882546465642, 51.391440590167704 ], [ -0.317720159588731, 51.393667993400911 ], [ -0.316015904201633, 51.387572524262033 ], [ -0.313253355102216, 51.388723576812055 ], [ -0.307388539346956, 51.378384850694466 ], [ -0.308457229177741, 51.37586080496596 ], [ -0.312674850735876, 51.374752567103229 ], [ -0.317921180389112, 51.369799390866547 ], [ -0.318505494251085, 51.365763890708998 ], [ -0.327977678936261, 51.35221245001884 ], [ -0.330679078098444, 51.329011023713953 ], [ -0.323970451802267, 51.326717432342647 ], [ -0.306212993923901, 51.33507701272039 ], [ -0.304089453307651, 51.343173249216726 ], [ -0.28704254268769, 51.359399519179441 ], [ -0.28841937550162, 51.362161599048868 ], [ -0.284094862179425, 51.365151624695883 ], [ -0.261015022181693, 51.379596896071675 ], [ -0.245051843700638, 51.38006033466057 ], [ -0.245406821668408, 51.366890693967008 ], [ -0.233974024931354, 51.365386088076939 ], [ -0.226969543024609, 51.362626841902021 ], [ -0.217289471898415, 51.343388298619189 ], [ -0.229847688445973, 51.336523975609161 ], [ -0.220866769023718, 51.329803326479087 ], [ -0.214254758392125, 51.330254129087393 ], [ -0.213079041390563, 51.3355549153844 ], [ -0.197344452167445, 51.343596556552214 ], [ -0.187484261917363, 51.340813811882313 ], [ -0.172879983554358, 51.330015295028474 ], [ -0.163102105564369, 51.330266081274573 ], [ -0.164212529406612, 51.326042472880872 ], [ -0.156549277024262, 51.321487266549411 ], [ -0.161905453304531, 51.319627758772491 ], [ -0.158356530061137, 51.310987540866726 ], [ -0.15434144942075, 51.310320004983659 ], [ -0.157761230965068, 51.30442962699621 ], [ -0.151049596912977, 51.300723977885553 ], [ -0.13724003385519, 51.300743435029013 ], [ -0.124328569932553, 51.286791879050625 ], [ -0.117814447603292, 51.287183454281873 ], [ -0.11583274031001, 51.290646377028366 ], [ -0.094303836902376, 51.29944005132964 ], [ -0.097423890407038, 51.300386359917397 ], [ -0.081958876730899, 51.310648582565392 ], [ -0.082263546276047, 51.316947619496112 ], [ -0.071046572102901, 51.321224826761892 ], [ -0.064013177673324, 51.318641085206011 ], [ -0.047895576914042, 51.325245921283042 ], [ -0.05030342126478, 51.332638575854524 ], [ -0.042012743730319, 51.33386087953518 ], [ -0.037946194939608, 51.338725409867834 ], [ -0.022177203745959, 51.338131032135664 ], [ -0.01434474909688, 51.3297717930093 ], [ -0.010974821156107, 51.333675463236844 ], [ 0.002226670265464, 51.329134242327946 ], [ 0.006569423949955, 51.315684886339739 ], [ 0.010325548805322, 51.316146367412841 ], [ 0.014982156541888, 51.291787305929702 ], [ 0.019074006416394, 51.291685340560043 ], [ 0.024811434607445, 51.302155660697785 ], [ 0.032881445405325, 51.307521372252403 ], [ 0.042592432869845, 51.301329668817431 ], [ 0.042369084723476, 51.292674240080089 ], [ 0.048143892839169, 51.285654112187423 ], [ 0.045369481910889, 51.276661894112117 ], [ 0.057581166643653, 51.244916350265832 ], [ 0.052833307293901, 51.236529121191595 ], [ 0.043783135938755, 51.230889633051618 ], [ 0.041122316318498, 51.216626280041254 ], [ 0.033572629018207, 51.214340366415556 ], [ 0.039655656851253, 51.19782472010435 ], [ 0.047796752674571, 51.191744298623043 ], [ 0.045140885593534, 51.188617981817266 ], [ 0.052573760278018, 51.18062685300545 ], [ 0.046149171327009, 51.17183439472781 ], [ 0.054778409905043, 51.149531873787915 ], [ 0.049989510765227, 51.142653377925448 ], [ -0.006759882552788, 51.137644388414486 ], [ -0.017680787456405, 51.141188263937174 ], [ -0.024682311387177, 51.138616246370574 ], [ -0.041807998992935, 51.139569529332391 ], [ -0.056353282462623, 51.136769344194661 ], [ -0.063231100946239, 51.141261315516509 ], [ -0.082640633102061, 51.142641510866817 ], [ -0.093717934788853, 51.13843039081663 ], [ -0.11727978675701, 51.141609860724287 ], [ -0.131112139754706, 51.139437936463096 ], [ -0.13759919168999, 51.142163587266666 ], [ -0.132987215070046, 51.158887251399754 ], [ -0.140490045340387, 51.160050837369383 ], [ -0.16091979128301, 51.159772297252424 ], [ -0.176733807996393, 51.16685357787243 ], [ -0.185325528528578, 51.164823477327431 ], [ -0.186893824602615, 51.161669703615125 ], [ -0.195949396831975, 51.162306175632843 ], [ -0.204137292581286, 51.155715304256354 ], [ -0.212169629029975, 51.155458878759738 ], [ -0.214262814081562, 51.14846741182356 ], [ -0.255211634313505, 51.144194746575629 ], [ -0.25465225375086, 51.139103438477214 ], [ -0.275317896779693, 51.13031246968275 ], [ -0.286417633696329, 51.130496325324913 ], [ -0.300373740138043, 51.124739517304732 ], [ -0.326394251007067, 51.125789371617273 ], [ -0.342041877095513, 51.119909639238756 ], [ -0.35281366516562, 51.118283178980612 ], [ -0.35805967547985, 51.121034076134549 ], [ -0.384600880412852, 51.114779153204324 ], [ -0.391550429879265, 51.116514813993476 ], [ -0.400243951002835, 51.108423656789576 ], [ -0.419222839422646, 51.10519479630905 ], [ -0.438461131040378, 51.097912358467156 ], [ -0.442528444393758, 51.098132120218253 ], [ -0.438851922061161, 51.10030160140883 ], [ -0.441220619476034, 51.103255831037451 ], [ -0.444874347325899, 51.099596834177468 ], [ -0.45049665093936, 51.100271795820028 ], [ -0.488474072278305, 51.097314988263008 ], [ -0.5063851986834, 51.088270246389101 ], [ -0.523194982474575, 51.091611462070745 ], [ -0.526969907105997, 51.089610498066655 ], [ -0.526412521583135, 51.091871509425992 ], [ -0.535003541738472, 51.093583761486748 ], [ -0.532642979096936, 51.086095577081075 ], [ -0.539206114775598, 51.082033038481633 ], [ -0.577616173182644, 51.086658566430245 ], [ -0.597780882546168, 51.079704230959088 ], [ -0.628707855976586, 51.088983828074042 ], [ -0.650275112454247, 51.083542495433363 ], [ -0.663995918310849, 51.081703994974951 ], [ -0.669081366055846, 51.077397600786583 ], [ -0.687445486297569, 51.075518895759934 ], [ -0.696772769596848, 51.071496544494657 ], [ -0.70670290183785, 51.078765846394674 ], [ -0.727583860393271, 51.079030923818692 ], [ -0.735599151631082, 51.084706781218351 ], [ -0.753494505560391, 51.086458795416043 ], [ -0.75891973377902, 51.090852177528035 ], [ -0.755319811356472, 51.094810291836772 ], [ -0.759834180703181, 51.103912688320207 ], [ -0.768905846311589, 51.103255006135726 ], [ -0.759495927008472, 51.104864102476 ], [ -0.749292289975614, 51.103251038373209 ], [ -0.744607576432703, 51.106461938676752 ], [ -0.745514747320292, 51.112209352123109 ], [ -0.769190290224989, 51.117093046472043 ], [ -0.78089724050584, 51.128101005312445 ], [ -0.7810716164732, 51.135221938051139 ], [ -0.7911214834004, 51.139239568618493 ], [ -0.794414399964151, 51.149762958655344 ], [ -0.804718638892405, 51.155358026726709 ], [ -0.817385756517049, 51.147760394718027 ], [ -0.828368524943552, 51.145284421271043 ], [ -0.8342000804742, 51.147604272166127 ], [ -0.826573390016173, 51.17856768701548 ], [ -0.827256117763333, 51.184667999118666 ], [ -0.845548535916307, 51.200136602945022 ], [ -0.848946497731981, 51.210734822877278 ], [ -0.829116468797994, 51.225406645568931 ], [ -0.826650099305801, 51.234368445939644 ], [ -0.820814772469201, 51.235449971908579 ], [ -0.820795262348035, 51.23927247220675 ], [ -0.804767039951877, 51.245066413380073 ], [ -0.80175731380945, 51.239040497391528 ], [ -0.786918041241752, 51.241866860249125 ], [ -0.775922369612992, 51.241936701553911 ], [ -0.767711816282781, 51.236073285381835 ], [ -0.745557990355819, 51.230458507696774 ], [ -0.735804056309863, 51.237682301407837 ], [ -0.738103790242704, 51.241743788386039 ], [ -0.730508419495206, 51.254901956989542 ], [ -0.73331925123391, 51.259723483667962 ], [ -0.731087532592001, 51.280347891157895 ], [ -0.733366284834842, 51.281791955312968 ], [ -0.745670819078823, 51.310033311709859 ], [ -0.762920664797069, 51.31873058333322 ], [ -0.767110868629455, 51.326224816958501 ], [ -0.775483457095346, 51.331958825569579 ], [ -0.758209656090084, 51.340568647466817 ], [ -0.75944547550474, 51.343521520707867 ], [ -0.744342847246433, 51.354563248395813 ], [ -0.735275791743893, 51.365040033464027 ], [ -0.655318520647447, 51.387245349609927 ], [ -0.646697017915089, 51.385383935470841 ], [ -0.640491523801648, 51.387380191238492 ], [ -0.625948888964158, 51.382872561240667 ], [ -0.620940684563717, 51.385171535684705 ], [ -0.616362522252397, 51.383539440436628 ], [ -0.623512756460972, 51.389543139196924 ], [ -0.614538694362768, 51.397393759174626 ], [ -0.618386521623505, 51.399025400621724 ], [ -0.608519228470584, 51.4120102324976 ], [ -0.604974145916465, 51.421380214929314 ], [ -0.605142122804957, 51.431311400148196 ], [ -0.594239952041829, 51.441544736634086 ], [ -0.579693348701646, 51.444746806704451 ], [ -0.571707921465697, 51.450991027373924 ], [ -0.555587694214093, 51.441478304521837 ], [ -0.550466494729505, 51.443467656942303 ], [ -0.53467958105822, 51.437365060054283 ], [ -0.522797168480278, 51.43530374311905 ], [ -0.524558816230433, 51.439879999379734 ], [ -0.53151404391157, 51.441678580774671 ], [ -0.52675075496942, 51.447509651221822 ], [ -0.540631879098751, 51.457851582039261 ], [ -0.529979049888899, 51.470167317834481 ], [ -0.524377600133945, 51.471527571468584 ] ] ] } },
{ "type": "Feature", "properties": { "lta": "West Sussex", "name": "West Sussex", "id": "West Sussex" }, "geometry": { "type": "Polygon", "coordinates": [ [ [ -0.176733807996393, 51.16685357787243 ], [ -0.16091979128301, 51.159772297252424 ], [ -0.140490045340387, 51.160050837369383 ], [ -0.132987215070046, 51.158887251399754 ], [ -0.13759919168999, 51.142163587266666 ], [ -0.131112139754706, 51.139437936463096 ], [ -0.11727978675701, 51.141609860724287 ], [ -0.093717934788853, 51.13843039081663 ], [ -0.082640633102061, 51.142641510866817 ], [ -0.063231100946239, 51.141261315516509 ], [ -0.056353282462623, 51.136769344194661 ], [ -0.041807998992935, 51.139569529332391 ], [ -0.024682311387177, 51.138616246370574 ], [ -0.017680787456405, 51.141188263937174 ], [ -0.006759882552788, 51.137644388414486 ], [ 0.027332864493487, 51.139851473743214 ], [ 0.025469153583742, 51.12732637400385 ], [ 0.028120153180778, 51.117715186966848 ], [ 0.044509670030967, 51.110650415086113 ], [ 0.025487597857509, 51.109057251281122 ], [ 0.018533793731252, 51.103595553894536 ], [ 0.009477824112592, 51.11039555439536 ], [ 0.004914930900671, 51.105223464684151 ], [ 0.010556324284387, 51.102181199340457 ], [ 0.002913091028393, 51.10229560488709 ], [ -0.010930126211583, 51.096526278569549 ], [ -0.021389401197506, 51.096804507854152 ], [ -0.026196803569381, 51.091753381652097 ], [ -0.036223842763122, 51.093461012428897 ], [ -0.032828792904256, 51.092392121309459 ], [ -0.026879176121067, 51.075116639463346 ], [ -0.013283613693684, 51.073970805949791 ], [ -0.014997081393086, 51.069355782573375 ], [ -0.008574972547226, 51.056461660221068 ], [ 0.013713921390184, 51.056999924692171 ], [ 0.007693859983502, 51.05091058011503 ], [ -0.003028428679777, 51.047567967424655 ], [ -0.002043456741294, 51.043071587218705 ], [ -0.007930427666548, 51.03899203790732 ], [ -0.001592078070468, 51.035758620304065 ], [ -0.021901296665629, 51.026507083894245 ], [ -0.022206171262743, 51.016787592179192 ], [ -0.016057640609159, 51.014817851315904 ], [ -0.020122699472464, 51.003471482323583 ], [ -0.016376780372018, 51.002500235187767 ], [ -0.024630329341102, 50.980029261232112 ], [ -0.036326533141486, 50.9771948955784 ], [ -0.036743941126295, 50.979796473763507 ], [ -0.047011634659026, 50.981212402120981 ], [ -0.05356335010138, 50.979482621793579 ], [ -0.063739109304782, 50.979216431300912 ], [ -0.070551495358483, 50.991349699439333 ], [ -0.083846653373154, 50.990723161553461 ], [ -0.093093837008372, 50.97923268484945 ], [ -0.102696950597235, 50.980848329816666 ], [ -0.108742630869724, 50.980248053518864 ], [ -0.11517411668142, 50.97612167277051 ], [ -0.116335257323698, 50.9671810775029 ], [ -0.110411909595527, 50.967812108671545 ], [ -0.106470079567355, 50.96296740321668 ], [ -0.1047377904546, 50.945627451288082 ], [ -0.10545320857206, 50.94311520859862 ], [ -0.118119872408202, 50.945264164304746 ], [ -0.120064317406767, 50.941717404609342 ], [ -0.116946462361783, 50.941070817333667 ], [ -0.128430141285984, 50.918876005717664 ], [ -0.135032242393129, 50.886656249282375 ], [ -0.138924325332254, 50.884495165161958 ], [ -0.144664115186048, 50.886983640283987 ], [ -0.152496262546809, 50.885470454512564 ], [ -0.152935671598969, 50.879863479375942 ], [ -0.166454294497414, 50.880902456040459 ], [ -0.165866792275244, 50.892340720818069 ], [ -0.182444237611752, 50.888276982374741 ], [ -0.181888846002619, 50.880910612703225 ], [ -0.189775616933769, 50.874422203011143 ], [ -0.187762287474685, 50.868576714703316 ], [ -0.199015296540127, 50.870126859884657 ], [ -0.20266474664525, 50.875863300422438 ], [ -0.205429318515475, 50.87009349885372 ], [ -0.213909734699816, 50.870470926969816 ], [ -0.214174377955397, 50.875185678230963 ], [ -0.226746562586453, 50.878186882453122 ], [ -0.244998135656677, 50.863815343452067 ], [ -0.23978030586069, 50.861958752689681 ], [ -0.216646263020934, 50.827601771288208 ], [ -0.238053742403041, 50.828447371599317 ], [ -0.24502574985855, 50.828213892398473 ], [ -0.246441619780088, 50.826984268899942 ], [ -0.246033175972394, 50.828537505399296 ], [ -0.238399449188198, 50.830480708754642 ], [ -0.248057117769516, 50.829093087790113 ], [ -0.252122846735591, 50.831102064221639 ], [ -0.275333622439476, 50.83125860134372 ], [ -0.281728004084196, 50.834048269429708 ], [ -0.287527484512939, 50.840537633786823 ], [ -0.285628730678446, 50.833388440710529 ], [ -0.280268233512477, 50.831338630871855 ], [ -0.284272522373315, 50.829333579483212 ], [ -0.251568617017373, 50.830268705622082 ], [ -0.248162737607771, 50.824805369927411 ], [ -0.272944403917983, 50.826967580299431 ], [ -0.290567951441384, 50.825197576602918 ], [ -0.378328060003282, 50.808005793646359 ], [ -0.435967289776891, 50.803148720370977 ], [ -0.541939889177686, 50.801433955106752 ], [ -0.545009896986838, 50.80501006142314 ], [ -0.542009062546947, 50.800258549912378 ], [ -0.560331325964837, 50.799737806789388 ], [ -0.594987436762307, 50.792455974384005 ], [ -0.642389484123552, 50.787357053387645 ], [ -0.716436342211941, 50.774260685486091 ], [ -0.728433424630113, 50.771158244544942 ], [ -0.752588841532071, 50.758061567095972 ], [ -0.754264451320429, 50.760091115788072 ], [ -0.749753689927577, 50.761514293997671 ], [ -0.756908279157567, 50.767653692750045 ], [ -0.755392424958811, 50.771927187377024 ], [ -0.763110759652577, 50.772930188399478 ], [ -0.767504596979634, 50.77184621824005 ], [ -0.763343844026846, 50.772051324289698 ], [ -0.76235034405437, 50.768263724930264 ], [ -0.781653381750603, 50.768482222803769 ], [ -0.777191703069738, 50.767028096922765 ], [ -0.786873746073921, 50.759912302524228 ], [ -0.772818631608032, 50.761652048940704 ], [ -0.761820636075088, 50.751150635761569 ], [ -0.761505516495487, 50.753907283779746 ], [ -0.750102057057518, 50.757465605063331 ], [ -0.779799958081306, 50.727796299463371 ], [ -0.789186265014953, 50.722371572044764 ], [ -0.842877209201475, 50.753570206412128 ], [ -0.875831456977407, 50.76576858307606 ], [ -0.90205718335951, 50.772805345443338 ], [ -0.916841291437767, 50.780392362656826 ], [ -0.912502202635749, 50.788898878930631 ], [ -0.908429879602845, 50.786548754220625 ], [ -0.9156398774904, 50.780453167876338 ], [ -0.90529197160941, 50.78204898471818 ], [ -0.901286250143602, 50.789913390277071 ], [ -0.894491868904248, 50.790217917361076 ], [ -0.890772589109123, 50.799841880647669 ], [ -0.877813947556496, 50.80772256452115 ], [ -0.868724763225416, 50.808141068929523 ], [ -0.860347487768074, 50.80285628709813 ], [ -0.844745242082436, 50.799303509047817 ], [ -0.835001464378619, 50.804756193839744 ], [ -0.825199304834664, 50.804862892785437 ], [ -0.824817479006165, 50.810070462214327 ], [ -0.814513149979833, 50.814382650846511 ], [ -0.816879785862337, 50.819424716771181 ], [ -0.807807535818916, 50.830551920943627 ], [ -0.811496951699881, 50.830482533262973 ], [ -0.810765038603412, 50.833303320344505 ], [ -0.8129454618064, 50.830535015429476 ], [ -0.812031290747033, 50.833935827224032 ], [ -0.817604465378657, 50.828562544622919 ], [ -0.819763349594206, 50.816879244397008 ], [ -0.844592517968489, 50.804864114024362 ], [ -0.856987354915586, 50.807557274447596 ], [ -0.855869859252656, 50.810305351729461 ], [ -0.848796123869832, 50.810756427166972 ], [ -0.864773305117727, 50.811720531366383 ], [ -0.86995576062796, 50.816475917506715 ], [ -0.863149731078828, 50.823584346564935 ], [ -0.851171879157916, 50.827837590372312 ], [ -0.861262943545356, 50.828074941210637 ], [ -0.858080579113537, 50.83949800232044 ], [ -0.861916503869428, 50.837929357819682 ], [ -0.870911393219118, 50.840483478095678 ], [ -0.86896032484277, 50.834297304630191 ], [ -0.874084910289272, 50.832546488334067 ], [ -0.865779452199935, 50.826967835119795 ], [ -0.871403837110268, 50.824007072287145 ], [ -0.876894753345151, 50.811491599373916 ], [ -0.89232894846504, 50.818523165428118 ], [ -0.897050774686138, 50.828881739133024 ], [ -0.892564410748293, 50.834742288492556 ], [ -0.895049575259353, 50.838585862647676 ], [ -0.908729930869234, 50.837755944595322 ], [ -0.913220332711628, 50.840088376206218 ], [ -0.917318293848134, 50.836628228484045 ], [ -0.908320269820084, 50.82268376216966 ], [ -0.90801972506749, 50.798614275574018 ], [ -0.931677143458935, 50.813678663724524 ], [ -0.94259205014057, 50.815407559294016 ], [ -0.938623860119705, 50.817815804806315 ], [ -0.942405591917068, 50.824353749675488 ], [ -0.932978235484141, 50.842919018629317 ], [ -0.93006762772249, 50.841756574181566 ], [ -0.932796566729599, 50.853242371098212 ], [ -0.926465673166704, 50.864101182953341 ], [ -0.957600917694296, 50.890615741944529 ], [ -0.940261885473288, 50.918062112474807 ], [ -0.924030331876777, 50.924206771304107 ], [ -0.9353358117948, 50.941110511557568 ], [ -0.942127063891813, 50.942901455400914 ], [ -0.931864239731939, 50.945587697548504 ], [ -0.926537028205158, 50.952534212206515 ], [ -0.929290581676121, 50.958354382523297 ], [ -0.915542533044238, 50.970619360525873 ], [ -0.917709641124644, 50.978670791893734 ], [ -0.905641024221187, 50.996811824900099 ], [ -0.899706354653082, 51.001259250389268 ], [ -0.89336419274333, 51.00274879570015 ], [ -0.898524958049436, 51.017673023289632 ], [ -0.894522833153377, 51.02350110712149 ], [ -0.882674386204273, 51.026867648628922 ], [ -0.852828715081363, 51.044848679433535 ], [ -0.850130402623408, 51.059341492629507 ], [ -0.843688899010609, 51.066284093656797 ], [ -0.837349866855724, 51.069198202073579 ], [ -0.829071583880683, 51.067785656862881 ], [ -0.826409333531109, 51.061347467741257 ], [ -0.817381643090097, 51.061209820201107 ], [ -0.814489744094103, 51.066676500422297 ], [ -0.811608570351735, 51.06295167397662 ], [ -0.79780008433622, 51.063551475842033 ], [ -0.780820911919468, 51.079357200636757 ], [ -0.753494505560391, 51.086458795416043 ], [ -0.735599151631082, 51.084706781218351 ], [ -0.727583860393271, 51.079030923818692 ], [ -0.70670290183785, 51.078765846394674 ], [ -0.696772769596848, 51.071496544494657 ], [ -0.687445486297569, 51.075518895759934 ], [ -0.669081366055846, 51.077397600786583 ], [ -0.663995918310849, 51.081703994974951 ], [ -0.650275112454247, 51.083542495433363 ], [ -0.628707855976586, 51.088983828074042 ], [ -0.597780882546168, 51.079704230959088 ], [ -0.577616173182644, 51.086658566430245 ], [ -0.539206114775598, 51.082033038481633 ], [ -0.532642979096936, 51.086095577081075 ], [ -0.535003541738472, 51.093583761486748 ], [ -0.526412521583135, 51.091871509425992 ], [ -0.526969907105997, 51.089610498066655 ], [ -0.523194982474575, 51.091611462070745 ], [ -0.5063851986834, 51.088270246389101 ], [ -0.488474072278305, 51.097314988263008 ], [ -0.45049665093936, 51.100271795820028 ], [ -0.444874347325899, 51.099596834177468 ], [ -0.441220619476034, 51.103255831037451 ], [ -0.438851922061161, 51.10030160140883 ], [ -0.442528444393758, 51.098132120218253 ], [ -0.438461131040378, 51.097912358467156 ], [ -0.419222839422646, 51.10519479630905 ], [ -0.400243951002835, 51.108423656789576 ], [ -0.391550429879265, 51.116514813993476 ], [ -0.384600880412852, 51.114779153204324 ], [ -0.35805967547985, 51.121034076134549 ], [ -0.35281366516562, 51.118283178980612 ], [ -0.342041877095513, 51.119909639238756 ], [ -0.326394251007067, 51.125789371617273 ], [ -0.300373740138043, 51.124739517304732 ], [ -0.286417633696329, 51.130496325324913 ], [ -0.275317896779693, 51.13031246968275 ], [ -0.25465225375086, 51.139103438477214 ], [ -0.255211634313505, 51.144194746575629 ], [ -0.214262814081562, 51.14846741182356 ], [ -0.212169629029975, 51.155458878759738 ], [ -0.204137292581286, 51.155715304256354 ], [ -0.195949396831975, 51.162306175632843 ], [ -0.186893824602615, 51.161669703615125 ], [ -0.185325528528578, 51.164823477327431 ], [ -0.176733807996393, 51.16685357787243 ] ] ] } }
]
}
